producto,marca,categoria,codigo_barras,presentacion,factor_unidades,precio,stock_inicial
220 original sabor fresa 450 ml,220,Bebidas,24474008003,Unidad,1,2.0,0
360 Energy Drink 450 ml,360,Bebidas,7751731004630,Unidad,1,3.0,0
360 Energy Drink Maracuya 300 ml,360,Bebidas,7751731006467,Unidad,1,2.0,0
360 Energy Drink Original 300 ml,360,Bebidas,7751731002971,Unidad,1,2.0,0
360 Energy Gamer 300 ml.,360,Bebidas,7751731006559,Unidad,1,2.0,0
3XXX Maracuya  1.8 L,3XXX,Bebidas,7753194000310,Unidad,1,12.0,2
7 cereales a granel x kg,Genérico,Abarrotes,7751234013177,Unidad,1,5.0,11
Ablanda Sazon ajinomix 11 g,Ajinomoto,Abarrotes,,Unidad,1,0.8,0
Absolut Vodka clasico 700 ml,Absolut,Licores y Cervezas,7312040017010,Unidad,1,56.0,0
ACEITE COCINERO VEGETAL DE SOYA 900 ML,Cocinero,Abarrotes,7750243079310,Unidad,1,9.5,0
Aceite de Ajonjoli Oriental 70 cc,Genérico,Abarrotes,,Unidad,1,3.5,0
ACEITE DE OLIVA EXTRA VIRGEN LA AREQUIPEÑITA 250 ML,La Arequipeñita,Abarrotes,7732546732543,Unidad,1,14.5,0
Aceite Metro 900 ml,Metro,Abarrotes,2050043570433,Unidad,1,6.5,0
Aceite Mirasol Vegetal de soya 200 ml,Mirasol,Abarrotes,7750243073189,Unidad,1,2.5,0
ACEITE MIRASOL VEGETAL DE SOYA 900 ML,Mirasol,Abarrotes,7750243066495,Unidad,1,7.5,0
ACEITE PRIMOR CLASICO 500 ML,Primor,Abarrotes,7750243072939,Unidad,1,5.8,0
Aceite Primor Clásico 900 ml,Primor,Abarrotes,7750243068000,Unidad,1,10.5,0
Aceite Primor Premium 900 ml,Primor,Abarrotes,7750243067997,Unidad,1,11.0,0
Aceite Vegetal Bells x 900 ml,Bells,Abarrotes,7891080136276,Unidad,1,6.0,0
ACEITE VEGETAL CIL 500 ML,Cil,Abarrotes,7750243033954,Unidad,1,5.5,0
Aceituna Negra a granel x kg,Genérico,Frutas y Verduras,7751234013290,Unidad,1,25.0,0
Aceituna rellena con rocoto 215 gr,Genérico,Frutas y Verduras,7759334000691,Unidad,1,6.0,0
Aceitunesa walibi 200 g,Walibi,Abarrotes,7752187000351,Unidad,1,6.5,0
Acondicionador Hidratante Amaras FCO (NO USAR),Amaras,Cuidado Personal,7750243073905,Unidad,1,0.0,0
Acondicionador Reparacion Pantene 18 ml,Pantene,Cuidado Personal,7500435153683,Unidad,1,1.0,0
Acondicionador Seda Liquida Konzil x 20 ml,Konzil,Cuidado Personal,7702029041578,Unidad,1,1.0,0
Aderezo Pavo 2 Banderas 300 gr,Genérico,Abarrotes,7751761000039,Unidad,1,8.5,2
Agua 20 lt,Genérico,Bebidas,,Unidad,1,25.0,0
Agua Alalau Bot. 7 lt,Alalau,Bebidas,,Unidad,1,5.5,0
AGUA MINERAL CON GAS SOCOSANI 1.5 L,Socosani,Bebidas,7755224000307,Unidad,1,4.5,0
Agua Pura Vida  3lt,Pura Vida,Bebidas,7751271018203,Unidad,1,3.0,0
Agua Pura Vida 650 ml,Pura Vida,Bebidas,7751271036146,Unidad,1,1.0,0
Agua San Carlos s/gas 750 ml,San Carlos,Bebidas,7401005909450,Unidad,1,1.0,0
AGUA SAN LUIS C/GAS 625 ML,San Luis,Bebidas,7750182001199,Unidad,1,2.0,0
Agua San Luis Piña/Kion 625 ml,San Luis,Bebidas,7750182006965,Unidad,1,1.8,0
Agua San Luis s/gas 2.5 L,San Luis,Bebidas,7750298000727,Unidad,1,3.5,0
AGUA SAN LUIS SIN GAS 750 ML,San Luis,Bebidas,7750182007269,Unidad,1,1.5,0
AGUA SAN LUIS SIN GAS CHUPON 1 L,San Luis,Bebidas,7750182001229,Unidad,1,2.5,0
AGUA SAN LUIS TAPA PLANA 1 L,San Luis,Bebidas,7750182005685,Unidad,1,2.0,0
Agua Socosani  SIN/G  500 ml,Socosani,Bebidas,7755224000291,Unidad,1,1.5,0
Agua Socosani c/gas x 1 lt,Socosani,Bebidas,7755224000604,Unidad,1,3.0,0
Agua Tonica Backus 2 Lt,Backus,Bebidas,7753749002226,Unidad,1,8.0,0
AGUA TONICA EVERVESS 1.5 L,Evervess,Bebidas,7758792000090,Unidad,1,7.5,0
agujas ruedita,Genérico,Bazar y Otros,,Unidad,1,1.5,14
agujas x unidad,Genérico,Bazar y Otros,,Unidad,1,0.1,0
Airampo sobre SM 1 und,Genérico,Abarrotes,,Unidad,1,1.0,10
Aji amarillo Batan 32 g,Batán,Abarrotes,7750552000883,Unidad,1,1.2,0
ají amarillo fresco,Genérico,Abarrotes,,Unidad,1,4.5,0
Aji amarillo fresco  x Kg,Genérico,Abarrotes,,Unidad,1,5.5,0
Aji criollo walibi 8 g,Walibi,Abarrotes,,Unidad,1,0.4,0
Ajinomen  carne picante vaso ajinomoto51 gr.,Ajinomoto,Abarrotes,7754487002899,Unidad,1,3.2,0
Ajinomen carne sobre ajinomoto 80 g,Ajinomoto,Abarrotes,7754487002684,Unidad,1,2.0,0
Ajinomen Carne Vaso x 50 g,Ajinomoto,Abarrotes,7754487002899,Unidad,1,3.2,0
Ajinomen Gallina Picante sobre 80 gr.,Ajinomoto,Abarrotes,7754487002691,Unidad,1,2.0,0
Ajinomen gallina picante vaso ajinomoto 51 g,Ajinomoto,Abarrotes,,Unidad,1,3.2,0
Ajinomen gallina sobre ajinomoto 80 g,Ajinomoto,Abarrotes,7754487002660,Unidad,1,2.0,0
Ajinomen gallina vaso ajinomoto 51 g,Ajinomoto,Abarrotes,7754487002196,Unidad,1,3.2,0
Ajinomen pollo C/verduras 80 gr,Ajinomoto,Abarrotes,7754487001694,Unidad,1,2.0,0
Ajinomen pollo sobre ajinomoto 80 g,Ajinomoto,Abarrotes,7754487002677,Unidad,1,2.0,0
Ajinomen pollo vaso ajinomoto 50 g,Ajinomoto,Abarrotes,7754487002905,Unidad,1,3.2,0
Ajinomen pollo/quinua vaso ajinomoto 57 g,Ajinomoto,Abarrotes,7754487002493,Unidad,1,3.2,0
Ajinomen tallarin rojo sobre ajinomoto 100 g,Ajinomoto,Abarrotes,7754487002240,Unidad,1,2.0,0
Ajinomen Vaso Gallina Picante Extremox 50 g,Ajinomoto,Abarrotes,7754487003049,Unidad,1,3.2,0
AJINOMIX CHIFA 12 G,Ajinomoto,Abarrotes,,Unidad,1,0.8,3
Ajinomoto sazonador umami 250 gr,Ajinomoto,Abarrotes,7754487116374,Unidad,1,5.0,0
AJINOMOTO SAZONADOR UMAMI 34 G,Ajinomoto,Abarrotes,7754487002998,Unidad,1,1.0,0
Ajinomoto Sazonador umami 500 g,Ajinomoto,Abarrotes,7754487117876,Unidad,1,8.5,0
Ajinomoto sazonador umami 53 g,Ajinomoto,Abarrotes,7754487002912,Unidad,1,1.5,0
Ajinosillao ajinomoto 150 ml,Ajinomoto,Abarrotes,7754487000659,Unidad,1,2.0,0
Ajinosillao ajinomoto 280 ml,Ajinomoto,Abarrotes,7754487000925,Unidad,1,3.0,0
Ajinosillao ajinomoto 500 ml,Ajinomoto,Abarrotes,7754487121415,Unidad,1,4.0,0
Ajo molido fresco batan 24 g,Batán,Abarrotes,7750552000654,Unidad,1,1.2,0
Ajo molido sal de ajo batan 16 g,Batán,Abarrotes,7750552000326,Unidad,1,1.2,2
Ajo molido sobre SM 1 und,Genérico,Abarrotes,,Unidad,1,0.5,7
Ajo unidad,Genérico,Frutas y Verduras,,Unidad,1,1.0,0
Ajoikion kikko 350 ml,Genérico,Abarrotes,7752704176835,Unidad,1,6.0,0
Ajonjoli a granel KG,Genérico,Abarrotes,,Unidad,1,13.0,0
Ajonjoli sobre SM 1 und,Genérico,Abarrotes,,Unidad,1,0.5,13
Alaska Camu Camu,Alaska,Helados y Congelados,8445291244498,Unidad,1,2.0,0
Alaska Fresa Donofrio 69.5 g,Alaska,Helados y Congelados,8445291233935,Unidad,1,2.0,0
Alaska Limonada 65 ml,Alaska,Helados y Congelados,8445291583429,Unidad,1,1.0,0
Alaska Maracumango Donofrio 66 g,Alaska,Helados y Congelados,8445291254527,Unidad,1,2.5,0
Alaska Maracuyá Donofrio 70 ml,Alaska,Helados y Congelados,8445291235052,Unidad,1,2.0,0
Alaska Piña-Hierbabuena 65 ml.,Alaska,Helados y Congelados,8445291643529,Unidad,1,1.0,0
Alcot Perro x KG,Alcot,Mascotas,,Unidad,1,4.5,0
alfajor azucarado,Genérico,Confitería y Golosinas,,Unidad,1,1.5,0
Alfajor Bon o Bon,Arcor,Confitería y Golosinas,7790040613706,Unidad,1,2.5,0
Alfajor de Coco x und,Genérico,Confitería y Golosinas,,Unidad,1,1.5,0
Alfajor Maicena x und,Genérico,Confitería y Golosinas,,Unidad,1,1.5,0
Alfajor Mani x und,Genérico,Confitería y Golosinas,,Unidad,1,1.5,0
Alfajorcitos arequipeños,Genérico,Confitería y Golosinas,,Unidad,1,1.2,0
Alfajores surtidos,Genérico,Confitería y Golosinas,,Unidad,1,1.5,0
Alka Agrupado Cereza 29 gr,Alka,Confitería y Golosinas,0077564641,Unidad,1,1.2,0
Alka Agrupado Limon 29 gr,Alka,Confitería y Golosinas,0077564665,Unidad,1,1.2,0
Alka Agrupado Mentol 29 gr.,Alka,Confitería y Golosinas,0077564658,Unidad,1,1.2,0
Almendra pelada sobre SM 1 und,Genérico,Abarrotes,,Unidad,1,1.0,0
Almendras a granel KG,Genérico,Abarrotes,,Unidad,1,38.0,0
Alpiste a granel x Kg,Genérico,Abarrotes,,Unidad,1,7.5,0
Alverja partida a granel x kg,Genérico,Abarrotes,7751234024814,Unidad,1,9.0,1
Always T.H. Seca talla M x 10 und,Always,Cuidado Personal,7500435233439,Unidad,1,5.5,0
ALWAYS T.H. SUAVE TALLA M X 10 UND,Always,Cuidado Personal,7500435254489,Unidad,1,5.5,0
Amargo de Angostura Wislan 75 ml,Wislan,Abarrotes,,Unidad,1,10.0,0
Amayu Aloe 500 ml,Bio Amayu,Bebidas,7750670020756,Unidad,1,3.0,0
Ambientador Sapolio antitabaco 360 ml,Sapolio,Limpieza del Hogar,7751851006026,Unidad,1,7.0,0
Ambientador Sapolio Arrullo de Bebe,Sapolio,Limpieza del Hogar,7751851006088,Unidad,1,7.0,0
Ambientador Sapolio Coco Tropical 360 ml,Sapolio,Limpieza del Hogar,7750243066860,Unidad,1,7.0,0
Ambientador Sapolio Jardin de Rosas 360 ml,Sapolio,Limpieza del Hogar,7751851006002,Unidad,1,7.0,0
Ambientador Sapolio Lavanda SIlvestre 360 ml,Sapolio,Limpieza del Hogar,7751851005982,Unidad,1,7.0,0
Ambientador Sapolio Mazana y canela 360 ml,Sapolio,Abarrotes,7751851025218,Unidad,1,7.0,0
Ambientador Sapolio melon 360 ml,Sapolio,Limpieza del Hogar,7750243066853,Unidad,1,7.0,0
Ambientador Sapolio Potpourri de Flores 360 ml,Sapolio,Limpieza del Hogar,7751851005999,Unidad,1,7.0,0
Ambientador Sapolio Vainilla Francesa 360 ml,Sapolio,Limpieza del Hogar,7751851013260,Unidad,1,7.0,0
Ambro Mellows Clasicos x 230 g,Ambro,Confitería y Golosinas,7750885003704,Unidad,1,4.5,0
Ambro Mellows Surtido 230 g,Ambro,Confitería y Golosinas,7750885003704,Unidad,1,4.5,0
ambrosoli full cherry 22.5 g,Ambrosoli,Confitería y Golosinas,7750885008877,Unidad,1,1.0,0
ambrosoli gomas ambrosito 25 g,Ambrosoli,Confitería y Golosinas,7750885009836,Unidad,1,1.0,5
ambrosoli gomas flipy 25 g,Ambrosoli,Confitería y Golosinas,7750885009478,Unidad,1,1.0,0
ambrosoli mentitas 21 g,Ambrosoli,Confitería y Golosinas,7750885024419,Unidad,1,1.0,0
American Adulto x KG,American,Mascotas,,Unidad,1,12.0,0
American Cachorro x KG,American,Mascotas,,Unidad,1,12.0,0
Angel Chock x 20 g,Ángel,Abarrotes,,Unidad,1,0.8,0
Angel Choco. La Iberica 50g,La Ibérica,Confitería y Golosinas,7750060003123,Unidad,1,10.0,0
Angel Copos de Avena 120 gr,Ángel,Abarrotes,7750243082785,Unidad,1,3.5,0
Angel Fruit x 20 g,Ángel,Abarrotes,7759826005340,Unidad,1,0.8,2
Angel Meli x 20 g,Ángel,Abarrotes,7759826006101,Unidad,1,0.8,0
Angel Zuck x 20 g,Ángel,Abarrotes,7759826005319,Unidad,1,0.8,0
anis del valle anis 25 und,Del Valle,Abarrotes,7750520000075,Unidad,1,2.5,0
Anis Del Valle x UND,Del Valle,Abarrotes,7750520000082,Unidad,1,0.1,0
Anis estrella sobre SM 1 und,Genérico,Abarrotes,,Unidad,1,1.0,0
Anis grano sobre SM 1 und,Genérico,Abarrotes,,Unidad,1,0.5,0
Anis Hornimans 25 uni,Hornimans,Abarrotes,7750632000406,Unidad,1,2.5,0
Anis Mc Colins 1 und,Mc Colins,Abarrotes,,Unidad,1,0.15,0
ANIS MC COLINS 25 UND,Mc Colins,Abarrotes,7750477080106,Unidad,1,3.5,0
Anis Najar Cafe especial 750 ml,Nájar,Licores y Cervezas,7759291000758,Unidad,1,47.0,0
Anis Najar Frutos rojos 750 ml,Nájar,Licores y Cervezas,7759291000932,Unidad,1,47.0,0
Anis Najar Rojo Crema Especial x 750 ml,Nájar,Licores y Cervezas,7759291179133,Unidad,1,39.0,0
ANIS NAJAR SECO ESPECIAL 125 ML PETACA,Nájar,Licores y Cervezas,7759291000017,Unidad,1,12.0,4
ANIS NAJAR VERDE SECO ESPECIAL 750 ML,Nájar,Licores y Cervezas,7759291179119,Unidad,1,37.0,3
Apanado Mezcla Maggi 80 g,Maggi,Abarrotes,7613287314345,Unidad,1,3.2,0
Apio x unid,Genérico,Frutas y Verduras,,Unidad,1,0.5,0
Arena Gatos Bubucat Lavanda x KG,Bubucat,Mascotas,,Unidad,1,3.0,0
Arena Gatos Bubucat x 5 kg,Bubucat,Mascotas,745853374488,Unidad,1,17.5,0
Arena Gatos Clean Agranel x KG,Genérico,Mascotas,,Unidad,1,3.0,0
Arena Gatos Clean Paws  Lavanda x 5 kg,Clean Paws,Mascotas,9780201378917,Unidad,1,16.5,0
Arena Gatos Clean Paws  Manzana x 5 Kg,Clean Paws,Mascotas,9780201378917,Unidad,1,16.5,0
Arena Gatos Clean Paws Cherry x 5 kg,Clean Paws,Mascotas,9780201377552,Unidad,1,16.5,0
Arena Gatos Clean Paws Granulado c/ carbon x 5 Kg,Clean Paws,Mascotas,,Unidad,1,15.0,0
Arena Gatos Patas y Colas c/ Carbon x 5 Kg,Genérico,Mascotas,,Unidad,1,15.0,0
Arena Sonqocats Bebe x 5 kg,Sonqocats,Mascotas,,Unidad,1,16.5,0
Arena Sonqocats Carbón Activado x 5 kg,Sonqocats,Mascotas,,Unidad,1,16.5,0
Arena Sonqocats Lavanda x 5 kg,Sonqocats,Mascotas,,Unidad,1,16.5,0
Arena Sonqocats Manzana x 5 Kg,Sonqocats,Mascotas,7750431600036,Unidad,1,16.5,0
Arenero Bandeja,Genérico,Mascotas,,Unidad,1,14.0,3
AREQUIPEÑA CERVEZA LATON X 473,Arequipeña,Licores y Cervezas,7753749002301,Unidad,1,30.0,0
AREQUIPEÑA CERVEZA VIDRIO 620 ML CAJA,Arequipeña,Licores y Cervezas,0077529220,Unidad,1,78.0,0
Aroma jazmin flute 8 und,Genérico,Bazar y Otros,8901751351156,Unidad,1,1.2,0
Arroz a granel campero x kg,Campero,Abarrotes,7751234012965,Unidad,1,5.2,0
Arroz Arroz del sur Super extra 750 g,Arroz del Sur,Abarrotes,7755139001550,Unidad,1,4.8,0
Arroz Campero Embolsado 1 kg,Campero,Abarrotes,7754725001295,Unidad,1,5.5,0
Arroz Chaparri a Granel,Chaparrí,Abarrotes,,Unidad,1,5.2,0
Arroz Chevere a granel,Chévere,Abarrotes,,Unidad,1,5.0,0
ARROZ COSTEÑO EXTRA 750 G,Costeño,Abarrotes,7755139003356,Unidad,1,4.8,0
Arroz Paisana Extra 1 kg,Paisana,Abarrotes,7755139002793,Unidad,1,5.5,0
Arroz Paisana Superior 1 kg,Paisana,Abarrotes,7755139002816,Unidad,1,4.8,0
Arroz Valle norte Gran reserva extra 750 g,Valle Norte,Abarrotes,7754725001219,Unidad,1,4.8,0
Arroz Villa Hermosa a granel x kg,Villa Hermosa,Abarrotes,7751234022186,Unidad,1,4.5,0
Aruba Citrus Punch x 400 ml,Aruba,Bebidas,7751271036573,Unidad,1,1.0,0
Aruba Coco Punch x 400 ml,Aruba,Bebidas,7751271036061,Unidad,1,1.0,0
Aruba Granadilla Punch x 400 ml,Aruba,Bebidas,7751271036580,Unidad,1,1.0,0
Aruba Green Punch x 400 ml,Aruba,Bebidas,7751271036078,Unidad,1,1.0,0
Aruba Red Punch x 400 ml,Aruba,Bebidas,7751271036566,Unidad,1,1.0,0
Arvejita fresca  a granel x kg,Genérico,Frutas y Verduras,,Unidad,1,4.5,0
Asmachilca Antigripal Del Valle  25 und,Del Valle,Abarrotes,7750520000143,Unidad,1,3.5,0
ASTI RICCADONNA 750 ML,Riccadonna,Licores y Cervezas,8000368219801,Unidad,1,60.0,0
Aterralenguas Super Hiper Acido Mango,Genérico,Abarrotes,7758102004817,Unidad,1,1.0,0
AVENA A GRANEL X KG,Genérico,Abarrotes,7751234013016,Unidad,1,7.0,0
Avena integral a granel x kg,Genérico,Abarrotes,7751234013160,Unidad,1,6.5,5
Avena Precocida Cereales Andinos 3 Ositos x 270,3 Ositos,Abarrotes,7750885013642,Unidad,1,3.2,0
Avena precocida chocolate 3 ositos 180 g,3 Ositos,Confitería y Golosinas,7750885019996,Unidad,1,2.5,0
Avena precocida Clásica  3 Ositos 500 gr,3 Ositos,Abarrotes,7750885022460,Unidad,1,5.5,0
Avena precocida Clásica 3 Ositos 10% +,3 Ositos,Abarrotes,7750885024761,Unidad,1,1.2,0
Avena precocida clasica 3 ositos 100 g,3 Ositos,Abarrotes,7750885022590,Unidad,1,1.2,0
Avena precocida clásica 3 Ositos 250 gr,3 Ositos,Abarrotes,7750885020008,Unidad,1,3.0,0
Avena Precocida Clásica 3 Ositos 900 gr,3 Ositos,Abarrotes,7750885020473,Unidad,1,9.0,0
Avena precocida maca 3 ositos 150 g,3 Ositos,Abarrotes,7750885021814,Unidad,1,2.0,1
Avena precocida maca 3 ositos 270 g,3 Ositos,Abarrotes,7750885006491,Unidad,1,3.0,0
Avena Precocida Quinua 3 ositos 150 g,3 Ositos,Abarrotes,7750885021821,Unidad,1,2.0,0
Avena Precocida Quinua 3 Ositos x 270 g,3 Ositos,Abarrotes,7750885006484,Unidad,1,3.0,0
Avena Quaker 200 gr,Quaker,Abarrotes,7758574004605,Unidad,1,2.5,0
Avena Quaker Tradicional 100 g,Quaker,Abarrotes,7758574004599,Unidad,1,1.2,0
Avena San Catalina 100 gr,Genérico,Abarrotes,7754159001458,Unidad,1,1.0,0
Avena Sta. Catalina Chocolate 150 gr.,Genérico,Confitería y Golosinas,7754159001137,Unidad,1,3.0,0
Avena Sta. Catalina Manzana 150 gr.,Genérico,Abarrotes,7754159001144,Unidad,1,3.0,0
Aventuras Crea-turas Paleta Donofrio 64.3 g,D'Onofrio,Helados y Congelados,8445291128385,Unidad,1,1.0,0
Aventuras Emoticaritas Vainilla Lucuma 65 ml,Genérico,Confitería y Golosinas,8445291611641,Unidad,1,2.0,0
Ayudin Lava Pasta 850 gr,Ayudín,Limpieza del Hogar,7759918006347,Unidad,1,8.0,0
Ayudin Lava Pasta 950 gr,Ayudín,Limpieza del Hogar,7759918006354,Unidad,1,8.5,0
Azucar Blanca x kg,Genérico,Abarrotes,7751234021356,Unidad,1,4.0,0
Azucar del Sur Blanca 1 kg,Arroz del Sur,Abarrotes,7755139001574,Unidad,1,5.5,0
Azucar del Sur Rubia 1 kg,Arroz del Sur,Abarrotes,7755139001598,Unidad,1,5.5,0
Azucar Impalpable Fleischmann 200 gr,Fleischmann,Abarrotes,7750871001288,Unidad,1,4.2,3
Azucar impalpable Umsha 1.0 kg,Umsha,Abarrotes,7750243069458,Unidad,1,11.0,0
Azucar Rubia x kg,Genérico,Abarrotes,7751234012972,Unidad,1,3.7,0
Babysec premium G 8.5-12 KG 58 pañales,Babysec,Cuidado Personal,,Unidad,1,1.3,0
Babysec Premium XG +11 kg,Babysec,Cuidado Personal,7759185005289,Unidad,1,1.3,0
Babysec premium XXG +13 KG,Babysec,Cuidado Personal,7759185005296,Unidad,1,1.3,0
BAILEYS  CREAM ORIGINAL 750 ML,Baileys,Licores y Cervezas,5011013100132,Unidad,1,59.0,2
Ballerina Jabón líquido Violetas Doypack 750 ml,Ballerina,Cuidado Personal,7804920350855,Unidad,1,8.5,0
Ballerina Jabón líquido Yoghurt y Berries Doypack 750 ml,Ballerina,Cuidado Personal,7804920002761,Unidad,1,8.5,0
Barra Energetica Mix Mundo Natural x 50 g,Mundo Natural,Abarrotes,,Unidad,1,2.2,0
Barras de Quinua 40 gr,Genérico,Abarrotes,7751451000509,Unidad,1,1.2,0
Batidito 80 gr,Genérico,Lácteos,7751271025287,Unidad,1,0.7,0
Batimix fresa pop chocolate gloria 144 g,Gloria,Lácteos,7751271031752,Unidad,1,3.5,0
BATIMIX MINI COOKIES (OREO) GLORIA 138 G,Gloria,Lácteos,7751271031837,Unidad,1,3.5,0
Batimix vainilla hojuelas gloria 144 g,Gloria,Lácteos,7751271031820,Unidad,1,3.5,0
BATIMIX VAINILLA POP CHOCOLATE GLORIA 146 G,Gloria,Lácteos,7751271031745,Unidad,1,3.5,0
BB Chicha Morada Donofrio 64.4 g,D'Onofrio,Bebidas,7613037995985,Unidad,1,1.0,0
Bebida con almendra Laive 800 ml,Laive,Bebidas,7750151009546,Unidad,1,7.5,0
Bebida Instantanea Granos Andinos Winters 15 gr,Winter's,Bebidas,7752748012571,Unidad,1,1.2,2
Benedictino Agua sin gas PET 3 L,Benedictino,Bebidas,7750182006637,Unidad,1,3.0,0
Betun Santiago Amarillo 45 ml,Santiago,Cuidado Personal,7750034000158,Unidad,1,2.5,0
Betun Santiago Azul 90 ml,Santiago,Cuidado Personal,7750034000783,Unidad,1,3.5,0
Betun Santiago Negro 30 g,Santiago,Cuidado Personal,7750034000202,Unidad,1,2.5,0
Betun Santiago Negro 34 g,Santiago,Cuidado Personal,7750034000097,Unidad,1,2.5,0
Bicarbonato a granel x kg,Genérico,Frutas y Verduras,7751234013122,Unidad,1,6.0,0
Bicarbonato sobre SM 1 und,Genérico,Bazar y Otros,,Unidad,1,0.5,0
Big Ben (UNIDAD) relleno,Big Ben,Confitería y Golosinas,,Unidad,1,0.2,85
big ben barra azul caramelo maní c/ choc. 40 gr,Big Ben,Confitería y Golosinas,7702993047927,Unidad,1,2.0,0
Big ben barra blanca caramelo maní  c/ chocol. blanco 40 gr,Big Ben,Confitería y Golosinas,7702993047941,Unidad,1,2.0,0
Big Ben Barra Choco Coco 40 gr,Big Ben,Confitería y Golosinas,7702993051573,Unidad,1,2.0,0
Big ben barra malteada chocolates 36 gr,Big Ben,Confitería y Golosinas,7702993047842,Unidad,1,2.0,0
Big ben bolsa blanco caramelo mani 55 g,Big Ben,Confitería y Golosinas,7702993048948,Unidad,1,2.5,0
big ben bolsa malteada chocolate 40 g,Big Ben,Confitería y Golosinas,7702993048924,Unidad,1,2.5,0
Big Ben caramelo & mani 55 gr,Big Ben,Confitería y Golosinas,7702993048931,Unidad,1,2.5,0
Big Ben Caramelo relleno Moka Bolsa x 100 unid,Big Ben,Confitería y Golosinas,7702993045435,Unidad,1,10.0,0
Big ben encanto de fresa 55 g,Big Ben,Confitería y Golosinas,7702993048900,Unidad,1,2.5,0
BIG COLA 400 ML,Big Cola,Bebidas,7750670014250,Unidad,1,1.0,0
Bimboletes  Chocochispas Bimbo 105 gr (x3),Bimbo,Panadería,7750727014288,Unidad,1,3.5,1
Bimboletes Chipas Chocolate 82.5 g (x3),Bimbo,Confitería y Golosinas,7750727012963,Unidad,1,3.5,0
Bimboletes Chocochips (x2) 70 g,Bimbo,Panadería,7750727014257,Unidad,1,2.5,0
Bimboletes Marmoleado (x2) 70 g,Bimbo,Panadería,7750727014240,Unidad,1,2.5,0
Bimboletes Marmoleado 82.5 g (x3),Bimbo,Panadería,,Unidad,1,3.5,0
Bimboletes Naranja (x2) 55 gr.,Bimbo,Panadería,7750727003831,Unidad,1,2.5,0
BIMBOLETES VAINILLA (X2) 70 G,Bimbo,Panadería,7750727014233,Unidad,1,2.5,0
Bimboletes Vainilla 82.5 g (x3),Bimbo,Panadería,,Unidad,1,3.5,0
BIO AMAYU AGUAJE VIDRIO 300 ML,Bio Amayu,Bebidas,7750670019156,Unidad,1,3.0,0
Bio Amayu Aguaymanto 300 ml,Bio Amayu,Bebidas,7750670019187,Unidad,1,3.0,0
BIO AMAYU ARANDANO VIDRIO 300 ML,Bio Amayu,Bebidas,7750670019170,Unidad,1,3.0,0
Bio Amayu Camu Camu 300 ml,Bio Amayu,Bebidas,7750670019163,Unidad,1,3.0,0
Bio sabor Aloe Original 500 ml,Genérico,Bebidas,7750670017107,Unidad,1,3.0,0
Birra Baladin Leon Cerveza 330 ml,Birra Baladin,Licores y Cervezas,8032942299596,Unidad,1,1.0,0
Bizcocho c/chispas x und,Genérico,Confitería y Golosinas,,Unidad,1,1.5,0
Bizcocho Cancun Costa 30 gr.,Costa,Confitería y Golosinas,7750885011303,Unidad,1,1.0,0
Bizcocho Chancay x UND (bol. 24),Genérico,Confitería y Golosinas,,Unidad,1,6.0,0
Bizcocho Chocolatazo x und,Genérico,Confitería y Golosinas,,Unidad,1,1.5,0
Bizcocho Frutado x und,Genérico,Confitería y Golosinas,,Unidad,1,1.5,0
Bizcocho relleno Mermelada x und,Genérico,Confitería y Golosinas,,Unidad,1,1.5,0
BLACK 1.500,Black,Bebidas,7751731006801,Unidad,1,4.5,1
Black Gaseosa 2 lt,Black,Bebidas,7751731998892,Unidad,1,6.0,0
Black Gaseosa 3 L,Black,Bebidas,7751731998700,Unidad,1,8.0,0
Black Gaseosa 400 ml,Black,Bebidas,7751731998809,Unidad,1,1.2,0
BLACK GASEOSA 600 ML,Black,Bebidas,7751731006832,Unidad,1,1.8,0
Bloqueador Bahia 90 SPF,Bahía,Cuidado Personal,7750215020883,Unidad,1,3.0,9
Bloqueador Nivea Sun 50 FPS sachet 9 gr,Nivea,Cuidado Personal,4005900894434,Unidad,1,2.8,8
Blue XL Pall Mall 20 und,Pall Mall,Cigarrillos y Vapes,,Unidad,1,1.0,0
Bob Break tableta 45 gr,Genérico,Confitería y Golosinas,7790580430436,Unidad,1,4.0,0
Boldo Del Valle 25 und,Del Valle,Abarrotes,7750520000181,Unidad,1,3.5,0
Bolsa  T-SHIRT 16x19 Pinguino 100 bolsas,Pinguino,Bazar y Otros,,Unidad,1,4.5,0
BOLSA 10X15 PINGUINO 100 BOLSAS,Pinguino,Bazar y Otros,,Unidad,1,1.4,0
Bolsa 12x13 cm Pinguino 100 bolsas,Pinguino,Bazar y Otros,,Unidad,1,1.0,0
Bolsa 12x16 Pinguino 100 und,Pinguino,Bazar y Otros,,Unidad,1,1.0,0
Bolsa 12x17 Pinguino 100 bolsas,Pinguino,Bazar y Otros,,Unidad,1,2.4,0
Bolsa 21 x 24 Pinguino 100 unid,Pinguino,Bazar y Otros,,Unidad,1,11.5,0
Bolsa 8X12 Pinguino 100 bolsas,Pinguino,Bazar y Otros,,Unidad,1,1.2,0
Bolsa de basura Tachitos 35 lt 1 und,Tachitos,Bazar y Otros,,Unidad,1,0.3,0
Bolsa de basura Tachitos 35 lt x 10 und,Tachitos,Bazar y Otros,7759998007876,Unidad,1,2.0,0
Bolsa de basura Tachitos 75 lt  x 10 und,Tachitos,Bazar y Otros,7759998007883,Unidad,1,3.0,0
Bolsa de basura Tachitos 75 lt 1 und,Tachitos,Bazar y Otros,,Unidad,1,0.5,0
BOLSA DE CARBON CAJA CHINA CARBONE,Carbone,Bazar y Otros,,Unidad,1,17.0,0
BOLSA DE CARBON PARRILLA CARBONE,Carbone,Bazar y Otros,,Unidad,1,16.0,0
Bolsa de Regalo # 1,Genérico,Bazar y Otros,,Unidad,1,1.0,0
Bolsa de Regalo # 2,Genérico,Bazar y Otros,,Unidad,1,2.0,0
Bolsa de Regalo # 3,Genérico,Bazar y Otros,,Unidad,1,3.0,0
Bolsa de sorbetes 53 und,Genérico,Bazar y Otros,,Unidad,1,2.0,0
Bombas de queso x unidad,Genérico,Lácteos,,Unidad,1,1.5,0
Bombón leche /avellanas x 3 unid. Ferrero Rocher 37.5 gr,Ferrero Rocher,Lácteos,0078909434,Unidad,1,7.5,0
Bombones Cremas Selectas La Iberica 160 g,La Ibérica,Confitería y Golosinas,7750060002386,Unidad,1,28.0,0
Bombones Cremas Surtidas La Iberica 150 gr,La Ibérica,Confitería y Golosinas,7750060386745,Unidad,1,19.0,0
Bombones Donofrio Helado 75.3 ml,D'Onofrio,Confitería y Golosinas,7613033140242,Unidad,1,4.5,0
Bombones Pote Donofrio 216 ml,D'Onofrio,Confitería y Golosinas,7613032915841,Unidad,1,14.0,0
Bombones Selectos La Iberica x 170 g,La Ibérica,Confitería y Golosinas,7750060228687,Unidad,1,36.0,0
Bombones Surtidos 150 gr La Iberica,La Ibérica,Confitería y Golosinas,7750060386721,Unidad,1,24.0,0
Bon o Bon Avellanas 26 g,Arcor,Confitería y Golosinas,7757174016766,Unidad,1,1.5,0
Bon o Bon Blanco 15 g,Arcor,Confitería y Golosinas,0077961815,Unidad,1,1.0,0
BON O BON CHOCOLATE 15 G,Arcor,Confitería y Golosinas,77958921,Unidad,1,1.0,0
Bon o Bon Frutilla 15 g,Arcor,Confitería y Golosinas,0078925229,Unidad,1,1.0,0
Bon o Bon Petit Corazon Clasico x 450 g,Arcor,Confitería y Golosinas,7757174014236,Unidad,1,8.5,0
Bon o Bon Petit Corazon Fresa x 45 g,Arcor,Confitería y Golosinas,7757174015882,Unidad,1,8.5,0
Bonawell Reacondicionador 25 ml,Bonawell,Cuidado Personal,7702045564709,Unidad,1,1.2,0
Bonle Alimento Azucarado 397 g,Bonlé,Abarrotes,7751271028530,Unidad,1,5.0,0
BONLE CHOCOLATE BOLSA 800 ML,Bonlé,Confitería y Golosinas,7751271029766,Unidad,1,3.8,0
Bonle Familiar Mez. Lac. tetrapack 480 g,Bonlé,Lácteos,7751271031769,Unidad,1,3.8,0
Bonle Proteccion 155 gr,Bonlé,Lácteos,7751271036801,Unidad,1,1.2,0
Bonle Proteccion Bebida Concentrada x 390 ml,Bonlé,Bebidas,7751271036795,Unidad,1,2.5,0
Bonle Proteccion Fresa Bolsa x 400 g,Bonlé,Bazar y Otros,,Unidad,1,2.5,0
bonle queso untable sabor natural 80 g,Bonlé,Lácteos,7751271030885,Unidad,1,2.5,0
Boost XL Pall Mall 20 und,Pall Mall,Cigarrillos y Vapes,0077563187,Unidad,1,1.0,0
Bosko adulto x KG,Bosko,Mascotas,7751234023336,Unidad,1,6.0,0
BOSKO CACHORRO X KG,Bosko,Mascotas,,Unidad,1,6.5,3
Bosko Cordero Adulto x Kg,Bosko,Mascotas,,Unidad,1,6.5,0
braedt queso edam 90 g,Braedt,Lácteos,7752346005760,Unidad,1,5.5,0
brocoli x unidad,Genérico,Frutas y Verduras,,Unidad,1,1.0,0
Brograns irish cream original 1 L,Genérico,Bebidas,5391329002000,Unidad,1,52.0,0
Brownie chips nutra bien 62 g,Genérico,Confitería y Golosinas,7803525001520,Unidad,1,3.0,0
Brownie nueces nutra bien 62 gr,Genérico,Confitería y Golosinas,7803525001513,Unidad,1,3.0,0
Brownie nueces Nutra bien 62 gr.,Genérico,Confitería y Golosinas,7803525001513,Unidad,1,3.0,0
Brownie princesa gustozzi 50 g,Gustozzi,Confitería y Golosinas,7759205000720,Unidad,1,2.5,0
Brownie sublime gustozzi 50 g,Nestlé,Confitería y Golosinas,7759205000713,Unidad,1,2.5,0
Brownie triangulo gustozzi 50 g,Gustozzi,Confitería y Golosinas,7759205000737,Unidad,1,2.5,0
Buen Humor Fresa 63 ml,Buen Humor,Confitería y Golosinas,8445291992375,Unidad,1,1.0,0
C&C Clasic Cola lata x 335 ml,C&C,Bebidas,41699120112,Unidad,1,4.5,0
C&C Ginger Ale lata x 335 ml,C&C,Bebidas,41699120211,Unidad,1,4.5,0
C&C Grape lata 335 ml,C&C,Bebidas,41699120310,Unidad,1,4.5,0
C&C Lemon Up lata x 335 ml,C&C,Bebidas,41699120716,Unidad,1,4.5,0
C&C Orange lata x 335 ml,C&C,Bebidas,41699120617,Unidad,1,4.5,0
C&C Pineapple lata x 335 ml,C&C,Bebidas,41699121195,Unidad,1,4.5,0
Cafe Altomayo Armonico 15 gr,Altomayo,Abarrotes,7750463004963,Unidad,1,2.5,0
Café Altomayo Clasico 7 gr,Altomayo,Abarrotes,7750463004789,Unidad,1,1.0,0
CAFE ALTOMAYO GOURMET 15 G,Altomayo,Abarrotes,7750463004086,Unidad,1,3.0,0
CAFE ALTOMAYO GOURMET 45 G,Altomayo,Abarrotes,7750463003164,Unidad,1,8.5,0
Cafe Altomayo Gourmet 7 gr,Altomayo,Abarrotes,7750463004161,Unidad,1,1.5,0
CAFÉ CAFETAL INSTANTANEO 7GR.,Cafetal,Abarrotes,7754308003142,Unidad,1,1.3,0
CAFE CAFETAL INSTANTANEO SABOR INTENSO 15 G,Cafetal,Abarrotes,7754308002923,Unidad,1,2.3,0
Cafe cafetal instantaneo sabor intenso 8,Cafetal,Abarrotes,7754308002893,Unidad,1,1.0,0
Cafe clasico Kirma Nescafé 45 g,Nescafé,Abarrotes,7613035554016,Unidad,1,7.5,0
CAFE LIOFILOZADO JUAN VALDEZ 10 GR.,Juan Valdez,Abarrotes,7707211638277,Unidad,1,2.8,0
Cafe Mix Cola x 500 ml,Genérico,Abarrotes,7750530410017,Unidad,1,2.8,0
Cafe Nescafé tradicion instantaneo 50 gr,Nescafé,Abarrotes,7613036352024,Unidad,1,10.5,0
Cafe Sello Rojo tradicional tostado 212 g,Sello Rojo,Abarrotes,7702032107957,Unidad,1,10.5,0
Cafe soluble Liofilizado JV Doy pack 40 gr,Juan Valdez,Abarrotes,7707211634552,Unidad,1,14.5,0
Cafetal Clasico 9 gr,Cafetal,Abarrotes,7754308003654,Unidad,1,1.0,0
Cafetal Gourmet Instantaneo 40 g,Cafetal,Abarrotes,7754308003081,Unidad,1,6.2,0
Cama Dona Peluche,Genérico,Mascotas,,Unidad,1,50.0,0
Camote frito a granel x kg,Genérico,Abarrotes,7751234013221,Unidad,1,28.0,0
Camote Nutrachips x 36 g,Nutrachips,Abarrotes,7758574003592,Unidad,1,2.0,0
Canbo Cachorro Cordero,Canbo,Mascotas,,Unidad,1,17.5,4
Canbo Gatos Esterilizados x Kg,Canbo,Mascotas,,Unidad,1,24.0,0
Cancun relleno de coco costa 25 g,Costa,Confitería y Golosinas,7750885022057,Unidad,1,0.8,0
Canela entera a granel x kg,Genérico,Abarrotes,,Unidad,1,76.0,0
Canela entera sobre SM 1 und,Genérico,Abarrotes,,Unidad,1,0.5,0
Canela Molida Batan 8 g,Batán,Abarrotes,7750552000982,Unidad,1,1.0,0
Canela molida sobre SM 1 und,Genérico,Abarrotes,,Unidad,1,0.5,0
Canuto Chico Don Maximo,Don Máximo,Abarrotes,7750346002710,Unidad,1,1.5,0
Canuto Chico Don Vittorio 235 g,Don Vittorio,Abarrotes,7750243073769,Unidad,1,1.9,3
Canuto rayado Don Maximo 250 gr,Don Máximo,Abarrotes,7750346002826,Unidad,1,1.5,0
CANUTO RAYADO DON VITTORIO 250 G,Don Vittorio,Abarrotes,7750243082372,Unidad,1,1.9,0
Cañihuaco a granel x kg,Genérico,Frutas y Verduras,7751234013115,Unidad,1,11.0,0
Cañonazo Costa 19 g,Costa,Abarrotes,7750885022002,Unidad,1,0.8,0
Caracol Chico don Vittorio 250 gr,Don Vittorio,Abarrotes,7750243082471,Unidad,1,1.9,0
Caracol Nicolini 250 gr.,Nicolini,Abarrotes,7750243081399,Unidad,1,1.5,1
Caracolito Don Maximo 250 gr.,Don Máximo,Abarrotes,7750346002727,Unidad,1,1.5,0
Caramelo Arbolito Bolsa x 283 gr,Genérico,Confitería y Golosinas,7750885005647,Unidad,1,6.5,0
Caramelo Banderitas x 80 Bolsa,Genérico,Confitería y Golosinas,7750885009874,Unidad,1,5.5,0
CARAMELO BARRA CEREZA ALKA 8 UND,Alka,Confitería y Golosinas,0077967602,Unidad,1,1.5,0
CARAMELO BARRA NARANJA ALKA 8 UND,Alka,Confitería y Golosinas,77967763,Unidad,1,1.5,0
Caramelo Yogur unid.,Genérico,Lácteos,,Unidad,1,0.1,0
caramelos alka unidad,Alka,Confitería y Golosinas,,Unidad,1,0.1,0
Caramelos Cocorokos  x UND,Genérico,Confitería y Golosinas,,Unidad,1,0.1,0
Caramelos de Limon Sayon x 110 UND,Sayón,Confitería y Golosinas,7750243075503,Unidad,1,7.0,0
Caramelos Next X unidad,Genérico,Confitería y Golosinas,7702993050903,Unidad,1,0.1,0
Caramelos Perita Sayon x 100 UND,Sayón,Confitería y Golosinas,7750243045469,Unidad,1,7.0,0
Caramelos Sabor a Leche Bambi x 110 UND,Bambi,Lácteos,7750243063890,Unidad,1,7.0,0
Caramelos Sabor Chicha Morada x 110 und,Genérico,Bebidas,7750243045445,Unidad,1,7.0,0
carnazas x unidad,Genérico,Mascotas,,Unidad,1,1.0,0
Cartón / Saquillo,Genérico,Bazar y Otros,,Unidad,1,0.5,0
carton/ saquillo,Genérico,Bazar y Otros,,Unidad,1,0.5,0
Casino alfajor victoria 43 g,Victoria,Confitería y Golosinas,7750243052702,Unidad,1,1.0,0
Casino Chocolate  Torre 108 gr,Victoria,Confitería y Golosinas,7750243081559,Unidad,1,2.5,0
Casino Chocolate Victoria 43 g,Victoria,Confitería y Golosinas,7750243052665,Unidad,1,1.0,0
Casino fresa flow victoria 129 g,Victoria,Confitería y Golosinas,7750243079334,Unidad,1,2.5,0
Casino fresa victoria 43 g,Victoria,Confitería y Golosinas,7750243052672,Unidad,1,1.0,0
Casino Lucuma Victoria 43 g,Victoria,Confitería y Golosinas,7750243052689,Unidad,1,1.0,0
casino menta 129 gr.,Victoria,Confitería y Golosinas,7750243079341,Unidad,1,2.5,0
Casino Menta 64.5 gr,Victoria,Confitería y Golosinas,7750243077545,Unidad,1,1.5,0
Casino Menta Lover Victoria 108 gr,Victoria,Confitería y Golosinas,7750243081535,Unidad,1,2.5,0
Casino Menta Victoria 43 g,Victoria,Confitería y Golosinas,7750243052658,Unidad,1,1.0,0
Casino Pie de Limon 43 g,Victoria,Confitería y Golosinas,7750243080569,Unidad,1,1.0,0
Casino sabor Turron 43 g,Victoria,Confitería y Golosinas,7750243084031,Unidad,1,1.0,1
Casino Tres Leches Victoria 43 g,Victoria,Lácteos,7750243077651,Unidad,1,1.0,0
Casino Vainilla Victoria 43 g,Victoria,Confitería y Golosinas,7750243052641,Unidad,1,1.0,0
Castaña sobre SM 1 und,Genérico,Abarrotes,,Unidad,1,1.0,0
Cat Chow Delimix x kg,Cat Chow,Mascotas,,Unidad,1,14.0,0
CAT CHOW ESTERILIZADO X KG,Cat Chow,Mascotas,,Unidad,1,14.0,0
Cat Chow Gatitos x Kg,Cat Chow,Mascotas,,Unidad,1,14.5,0
Cebada instantanea Ecco 170 g,Ecco,Abarrotes,7613287867148,Unidad,1,15.0,0
Cebolla a granel x kg,Genérico,Frutas y Verduras,7751234013894,Unidad,1,2.5,0
cebolla china,Genérico,Frutas y Verduras,,Unidad,1,1.0,0
Cepillo Colgate Premier (Blister),Colgate,Cuidado Personal,7509546015040,Unidad,1,3.0,0
Cepillo Hello Kitty con Protector,Genérico,Cuidado Personal,7750045250535,Unidad,1,3.5,0
Cepillo Looney Tunes con Protector,Genérico,Cuidado Personal,7750045170024,Unidad,1,3.5,1
Cepillos Colgate Doble acción 1 und,Colgate,Cuidado Personal,6001067007289,Unidad,1,3.0,0
Cepillos Colgate Premier Clean,Colgate,Cuidado Personal,6910021007206,Unidad,1,3.0,0
CEPILLOS ORAL B 123 1 UND,Oral-B,Cuidado Personal,3014260833176,Unidad,1,3.2,0
Cera Emperatriz Líquida roja 300 ml,Emperatriz,Limpieza del Hogar,7756641002615,Unidad,1,6.5,0
Cera en pasta Amarilla Sapolio 300 ml,Sapolio,Limpieza del Hogar,7751851013512,Unidad,1,4.8,0
CERA EN PASTA ROJA SAPOLIO 300 ML,Sapolio,Limpieza del Hogar,7751851013529,Unidad,1,4.8,0
Cera Sapolio Autobrillante amarilla 300 ml,Sapolio,Limpieza del Hogar,7751851012942,Unidad,1,4.5,0
CERA SAPOLIO AUTOBRILLANTE NEUTRAL 300 ML,Sapolio,Limpieza del Hogar,7751851012959,Unidad,1,4.8,0
Cera Sapolio Autobrillante roja 300 ml,Sapolio,Limpieza del Hogar,7751851013888,Unidad,1,4.5,0
Cereal Bar Manzana/Canela Costa 18 g,Costa,Abarrotes,7750885016414,Unidad,1,1.2,0
Cereal Chok Angel 20 gr.,Ángel,Abarrotes,7759826005333,Unidad,1,0.8,0
Cereal Copix 18 gr.,Ángel,Abarrotes,7759826006095,Unidad,1,0.8,0
cereal flakes 20 gr,Genérico,Abarrotes,7759826005586,Unidad,1,0.8,1
Cereal Frutt Angel 20 gr,Ángel,Abarrotes,7759826005340,Unidad,1,0.8,0
Cerveza Backus Golden lata 355 ml,Backus,Licores y Cervezas,7753749003681,Unidad,1,18.0,0
Cerveza Budweiser bot. 343 ml,Budweiser,Licores y Cervezas,7861122301245,Unidad,1,27.0,0
Cerveza Stella Artois Fina 330 ml,Stella Artois,Licores y Cervezas,7501064199141,Unidad,1,30.0,0
CHALONA DE CORDERO GRANEL X UND,Genérico,Embutidos y Fiambres,,Unidad,1,2.5,0
CHAMPIÑONES EN LATA SANTIS X 425 (WOKI),Woki,Abarrotes,7751087000966,Unidad,1,6.0,0
CHAMPIÑONES EN LATA WAHL GANZE 425ML,Wahl Ganze,Abarrotes,6935897624166,Unidad,1,5.5,0
Chanca Partida a granel,Genérico,Frutas y Verduras,,Unidad,1,2.5,4
CHANCACA X UND,Genérico,Abarrotes,,Unidad,1,1.0,0
Chantilly en polvo 60 gr,Genérico,Abarrotes,7750871000021,Unidad,1,3.5,0
CHARADA FIELD 37 GR,Field,Confitería y Golosinas,7622201689797,Unidad,1,1.0,0
CHARADA TACO FIELD 96 G,Field,Confitería y Golosinas,7622201735951,Unidad,1,3.0,0
Cheese Fieston Bucky x 200 g,Bucky,Snacks,798190209029,Unidad,1,6.0,0
Cheese sabor queso Buckys 50 gr.,Bucky,Lácteos,798190256139,Unidad,1,1.0,0
Cheese Sabor queso picante 50 gr,Genérico,Lácteos,798190256146,Unidad,1,1.0,0
Cheese Tris Frito Lays 44 g,Frito Lay's,Snacks,7758574005619,Unidad,1,1.5,0
Cheese tris Pepsico Frito Lays 105 g,Pepsi,Bebidas,7758574004612,Unidad,1,3.5,0
Cheetos Boliqueso Frito Lay 35 g,Frito Lay's,Lácteos,7758574005862,Unidad,1,1.5,0
Cheetos Crunchy Flaming Hot 36 g,Frito Lay's,Snacks,7758574003370,Unidad,1,1.5,0
Cheetos Garritas 32 gr,Frito Lay's,Snacks,7758574006708,Unidad,1,1.5,0
Cheetos horneados queso  Lays 34 g,Frito Lay's,Lácteos,7758574000836,Unidad,1,1.5,0
Cheetos Mega Queso  Frito lays 180 g,Frito Lay's,Lácteos,7758574000003,Unidad,1,7.0,0
Cheetos QA Bolsaza x 90 g,Frito Lay's,Snacks,7758574005336,Unidad,1,3.5,0
Cheetos Queso Picante 180 g,Frito Lay's,Lácteos,7758574004681,Unidad,1,7.5,0
Cheetos queso picante 90 gr.,Frito Lay's,Lácteos,7758574005305,Unidad,1,3.5,0
Cheetos Queso Picante Frito Lays 34 g,Frito Lay's,Lácteos,7758574004070,Unidad,1,1.5,0
Chia a granel x kg,Genérico,Abarrotes,7751234013054,Unidad,1,17.0,0
Chia sobre SM 1 und,Genérico,Abarrotes,,Unidad,1,0.5,11
Chicha Morada 1 lt TTPK Gloria,Gloria,Bebidas,7751271037570,Unidad,1,4.5,0
Chicha Morada Gloria 3 lt,Gloria,Bebidas,,Unidad,1,7.0,0
Chichafresh 3 lt,Chichafresh,Bebidas,7750796001363,Unidad,1,6.5,0
Chicharron de prensa San Fernando 85 gr.,San Fernando,Snacks,7750946005746,Unidad,1,2.8,0
Chicharron frito Bucky snacks 15 g,Bucky,Snacks,798190249193,Unidad,1,1.0,0
Chicharron Frito Lays 24 g,Frito Lay's,Snacks,7758574003837,Unidad,1,2.0,0
Chichasara SM,Genérico,Bebidas,,Unidad,1,1.2,0
Chicle barbie fresa confiteca 20 g,Confiteca,Confitería y Golosinas,7758102005272,Unidad,1,1.0,0
Chicle barbie mora confiteca 20 g,Confiteca,Confitería y Golosinas,7758102005289,Unidad,1,1.0,0
Chicle Boogie Surtido (10 pastillas),Genérico,Confitería y Golosinas,7758102004589,Unidad,1,1.0,0
Chicle Bubbaloo Surtido x und,Adams,Confitería y Golosinas,,Unidad,1,0.3,0
Chicle Dragon Ball UND,Genérico,Confitería y Golosinas,,Unidad,1,0.2,0
Chicle Hierba Buena Trident 5 und,Trident,Confitería y Golosinas,7622202272172,Unidad,1,1.5,0
Chicle Huevitos Confiteca x und,Confiteca,Confitería y Golosinas,,Unidad,1,0.2,0
Chicle sabor fresa Trident 5 und,Trident,Confitería y Golosinas,7622201776602,Unidad,1,1.5,0
Chicle sabor mora azul Trident 5 und,Trident,Confitería y Golosinas,7622201776695,Unidad,1,1.5,0
Chicle sabor sandia trident 5 und,Trident,Confitería y Golosinas,7622202272219,Unidad,1,1.5,0
Chicle sabor tutti frutti Trident 5 und,Trident,Confitería y Golosinas,,Unidad,1,1.5,0
Chicle sabor yerbabuena trident 5 und,Trident,Confitería y Golosinas,7622201776572,Unidad,1,1.5,0
Chicle super hiper acido sandia confiteca 22 g,Confiteca,Confitería y Golosinas,7758102004824,Unidad,1,1.0,0
Chicle Trident  Menta 8.5 g,Trident,Confitería y Golosinas,7622201776664,Unidad,1,1.5,0
Chicle Trident Sandia 5 unid.,Trident,Confitería y Golosinas,7622201776633,Unidad,1,1.5,0
Chiclets Adams 2.8 gr,Adams,Confitería y Golosinas,,Unidad,1,0.3,0
Chiclets menta 12 pastillas,Adams,Confitería y Golosinas,7622210429209,Unidad,1,1.3,0
Chicolac Suero Lacteo Choco. Gloria 180 ml,Gloria,Lácteos,7751271030588,Unidad,1,1.6,0
Chifle Buckys 26 gr,Bucky,Snacks,798190257457,Unidad,1,1.0,0
Chifle Piurano x KG,Genérico,Snacks,,Unidad,1,25.0,0
chifle salado SM,Genérico,Snacks,,Unidad,1,1.0,0
Chifles a lo Carretillero Inka Chips 33 gt,Inka Chips,Snacks,7750526003070,Unidad,1,2.0,0
Chifles GoToto 180 g (Buckys),Bucky,Snacks,850046369247,Unidad,1,8.0,0
Chifles GoToto x 40 g (Bucky),Bucky,Snacks,850046369537,Unidad,1,3.0,0
Chifles Picantes Inka Chips 30 gr.,Inka Chips,Snacks,7750526003087,Unidad,1,2.0,0
Chifles salados Bucky snacks 30 g,Bucky,Snacks,798190236711,Unidad,1,1.0,0
Chifles salados karinto 34 g,Karinto,Snacks,7758574004568,Unidad,1,1.8,0
Chilcano bar Cranberry Tabernero 275 ml,Tabernero,Licores y Cervezas,7750533001588,Unidad,1,7.0,0
Chilcano Bar Limon Tabernero 275 ml,Tabernero,Licores y Cervezas,7750533001397,Unidad,1,7.0,0
Chilcano Bar Maracuya Tabernero 275 ml,Tabernero,Licores y Cervezas,7750533001403,Unidad,1,7.0,0
Chilcano Bar Piña-Menta Tabernero 275 ml,Tabernero,Licores y Cervezas,7750533001410,Unidad,1,7.0,0
Chilcano Tabernero Naranja 275 ml,Tabernero,Licores y Cervezas,7750533002578,Unidad,1,7.0,0
Chin Chin chocolate confitado 16 g,Chin Chin,Confitería y Golosinas,7752748012403,Unidad,1,0.8,0
CHIN CHIN CREMA CHOCO PUNCH 13 G,Chin Chin,Confitería y Golosinas,,Unidad,1,0.8,0
Chin Chin Grageas x 30 g,Chin Chin,Confitería y Golosinas,7752748012496,Unidad,1,1.8,0
Chips Ahoy Original 37 g,Nabisco,Confitería y Golosinas,7622201764401,Unidad,1,1.4,0
Chips de quinua bbq tiyapuy 100 g,Tiyapuy,Snacks,731199055969,Unidad,1,6.5,0
Chips quinua natural tiyapuy 100 g,Tiyapuy,Snacks,731199055938,Unidad,1,6.5,0
Chiqui Milky La Iberica 10 gr.,La Ibérica,Confitería y Golosinas,,Unidad,1,1.2,0
Chizitos sabor a queso lays 35 g,Frito Lay's,Lácteos,7758574004667,Unidad,1,1.0,0
Chizitos sabor Queso Frito Lays 190 g,Frito Lay's,Lácteos,7758574003776,Unidad,1,5.5,0
Chock Angel 130 g,Ángel,Abarrotes,7758071002081,Unidad,1,3.5,0
CHOCMAN BLACK 40 GR.,Black,Bebidas,7750885019149,Unidad,1,1.0,0
Chocman Costa 33.5 gr,Costa,Confitería y Golosinas,7750885024341,Unidad,1,1.0,0
Chocman Costa Doble Black 53 gr.,Black,Bebidas,7750885019163,Unidad,1,1.5,0
Chocman Costa Doble Manjar 55 g,Costa,Lácteos,7750885025942,Unidad,1,1.5,0
Choco mani Big ben chocolates 50 g,Big Ben,Confitería y Golosinas,7702993048894,Unidad,1,2.5,0
Choco punch chin chin,Chin Chin,Confitería y Golosinas,,Unidad,1,1.0,0
Chocobum galleta victoria 33.5 g,Victoria,Confitería y Golosinas,7750243082693,Unidad,1,1.0,0
Chocodonuts Costa 33 gr.,Costa,Confitería y Golosinas,7750885020909,Unidad,1,1.0,0
Chocogrageas Almendras La Iberica x 100 g,La Ibérica,Abarrotes,7750060004359,Unidad,1,16.0,0
Chocolate Instantaneo Sol del Cusco 15 gr,Sol del Cusco,Confitería y Golosinas,7750960005425,Unidad,1,1.0,0
Chocolate instantaneo Sol del Cusco 90 g,Sol del Cusco,Confitería y Golosinas,7750960000048,Unidad,1,3.5,0
Chocolate Milo 190 g,Nestlé,Confitería y Golosinas,8445290241337,Unidad,1,13.5,0
Chocolate Tableta mani Arcor 23 gr,Arcor,Confitería y Golosinas,7757174013321,Unidad,1,1.5,0
Chocolate tetrapack Bonle 180 ml,Bonlé,Confitería y Golosinas,7751271031011,Unidad,1,1.7,4
Chocolate tetrapack Laive 170 ml,Laive,Confitería y Golosinas,7750151008785,Unidad,1,2.0,0
chocopaleton chin chin 18 gr.,Chin Chin,Confitería y Golosinas,7752748011888,Unidad,1,1.2,0
"Chocovainilla Field x 25,2 g",Field,Confitería y Golosinas,7622202210754,Unidad,1,2.0,0
Cholatada Gloria Niños  180 ml,Gloria,Lácteos,,Unidad,1,2.0,0
Chomp chocolate victoria 38 g,Victoria,Confitería y Golosinas,7750243058247,Unidad,1,1.0,0
Chomp naranja victoria 38 g,Victoria,Confitería y Golosinas,7750243058261,Unidad,1,1.0,0
Chorizo Finas Hierbas Rico Pollo,Rico Pollo,Embutidos y Fiambres,,Unidad,1,2.0,0
Chorizo La Granjita 850 g x 10 und,La Granjita,Embutidos y Fiambres,,Unidad,1,1.5,0
Chorizo Parrillero x 2 unid. Braedt,Braedt,Embutidos y Fiambres,7752346005906,Unidad,1,4.5,0
Chorizo Rico Pollo 900 gr x 12 unid.,Rico Pollo,Embutidos y Fiambres,7755044001744,Unidad,1,13.5,0
Chuleta De Brazuelo Rico Pollo x Kg,Rico Pollo,Embutidos y Fiambres,,Unidad,1,17.5,0
Chuleta de Pierna Rico x Kg,Rico Pollo,Embutidos y Fiambres,,Unidad,1,17.5,0
Chuño molido a granel x kg,Genérico,Abarrotes,7751234013085,Unidad,1,6.0,0
Chupetín Bon Bon Bum surtido,Colombina,Confitería y Golosinas,,Unidad,1,0.5,1
Chupetin Colombinetas Chococaramel,Genérico,Confitería y Golosinas,,Unidad,1,0.5,0
chupetin colorado surtido 17 gr.,Genérico,Confitería y Golosinas,,Unidad,1,0.5,0
Chupetin Flippy,Genérico,Confitería y Golosinas,,Unidad,1,0.5,0
Chupetin Globo Pop Surtido x unidad,Genérico,Confitería y Golosinas,,Unidad,1,0.5,0
chupetin picolines 10 gr.,Genérico,Confitería y Golosinas,,Unidad,1,0.3,0
CHURRO PICANTE CERDO RICO X 100 GR,Rico Pollo,Embutidos y Fiambres,7755044000488,Unidad,1,6.0,0
Churro Picante Premium Rico Pollo 100 g,Rico Pollo,Embutidos y Fiambres,7755044001942,Unidad,1,6.0,0
Churu Chicken Recipe Inaba x 4 Und,Inaba,Mascotas,850006715763,Unidad,1,15.0,0
Churu Chicken With Scallop Inaba x 4 Und,Inaba,Mascotas,850006715794,Unidad,1,15.0,0
Churu Tuna Recipe Inaba x 4 Und,Inaba,Mascotas,850006715756,Unidad,1,15.0,0
Churu Tuna With Scallop Inaba x 4 Und,Inaba,Mascotas,850006715787,Unidad,1,15.0,0
Cielo Agua sin gas  2.5 L,Cielo,Bebidas,7751731000069,Unidad,1,3.5,0
Cielo Agua sin gas 625 ml,Cielo,Bebidas,7751731157350,Unidad,1,1.0,0
Cielo Agua sin gas con chupon 1 L,Cielo,Bebidas,7751731001646,Unidad,1,2.0,0
Cielo AJE sin gas 625 ml,Cielo,Bebidas,7750670244954,Unidad,1,1.0,0
Cielo Alcalina 650 ml,Cielo,Bebidas,7750670015325,Unidad,1,1.5,0
Cielo C/ GAS AJE 625 ml,Cielo,Bebidas,7750670020411,Unidad,1,1.0,0
CIELO GASIFICADA LIMON X 600 ML,Cielo,Bebidas,7750670020909,Unidad,1,1.5,0
CIELO GASIFICADA MARACUYA 600 ML,Cielo,Bebidas,7750670020916,Unidad,1,1.5,0
Cielo gasificado Manzana 600 ml,Cielo,Bebidas,7750670020893,Unidad,1,1.5,0
Cielo Kids agua s/g x 200 ml,Cielo,Bebidas,7750670014984,Unidad,1,7.5,0
Cigarrillo dorado golden beach 20 und,Golden Beach,Cigarrillos y Vapes,0078402522,Unidad,1,3.2,0
Cigarrillo rojo golden beach 20 und,Golden Beach,Cigarrillos y Vapes,0078402515,Unidad,1,3.2,0
Cigarrillo verde golden beach 20 und,Golden Beach,Cigarrillos y Vapes,0078404069,Unidad,1,3.2,0
Cigarrillos mora double shot esse 20 und,Esse,Cigarrillos y Vapes,8801116006861,Unidad,1,11.5,0
Cilantro fresco,Genérico,Frutas y Verduras,,Unidad,1,0.5,0
CINTA DE EMBALAJE ULTRAPACK,Ultrapack,Bazar y Otros,,Unidad,1,5.5,4
Citrus Fresh 400 ml,Citrus Fresh,Bebidas,7750796001370,Unidad,1,1.0,0
CITRUS SCHWEPPES SIN AZUCAR 1.5 L,Schweppes,Bebidas,7750182002684,Unidad,1,7.0,0
Clavo de olor sobre SM 1 und,Genérico,Abarrotes,,Unidad,1,0.5,0
Clipper Mini Tube Encendedor,Clipper,Cigarrillos y Vapes,8412765918377,Unidad,1,6.0,0
Clorets Menta 2.8 gr,Adams,Confitería y Golosinas,0075019907,Unidad,1,0.3,0
Clorets menta Adams 12 und,Adams,Confitería y Golosinas,7622210451835,Unidad,1,1.4,0
Clorox Ropa Color 835 ml,Clorox,Limpieza del Hogar,7756641006798,Unidad,1,5.6,0
Clorox Ropa Colores Vivos Bot 292 ml,Clorox,Limpieza del Hogar,7756641004091,Unidad,1,2.7,0
Clorox Ropa sin lejia 640 ml,Clorox,Limpieza del Hogar,7756641006781,Unidad,1,4.2,0
Clorox Ropa Sin Lejia x 580 ml,Clorox,Limpieza del Hogar,7756641007047,Unidad,1,4.2,0
Clos de Pirque Blanco caja x 1 lt,Genérico,Abarrotes,7804320568300,Unidad,1,17.0,0
Clos de Pirque Tinto caja x 1 lt,Genérico,Abarrotes,7804320569307,Unidad,1,17.0,0
Cobertura bitter Negusa 100 g,Genérico,Abarrotes,7751119000926,Unidad,1,3.0,0
Cobertura extra bitter Curazao 100 gr,Genérico,Abarrotes,7751723001067,Unidad,1,3.5,0
Coca Cola Cherry Lata x 355 ml,Coca-Cola,Bebidas,0004905004,Unidad,1,6.0,0
COCA COLA LATA 350 ML,Coca-Cola,Bebidas,7801610001196,Unidad,1,5.5,0
COCA COLA ORIGINAL  1 L,Coca-Cola,Bebidas,7750182001236,Unidad,1,5.5,0
COCA COLA ORIGINAL 1.5 LT,Coca-Cola,Bebidas,7750182155663,Unidad,1,7.5,0
COCA COLA ORIGINAL 600 ML,Coca-Cola,Bebidas,7750182006095,Unidad,1,3.5,0
Coca Cola retornable PET 2 L,Coca-Cola,Bebidas,7750182102711,Unidad,1,6.3,0
Coca Cola retornable VR 1 L,Coca-Cola,Bebidas,7750182126052,Unidad,1,4.0,0
Coca Cola retornable VR 1.5 L,Coca-Cola,Bebidas,7750182005838,Unidad,1,5.5,0
Coca Cola S/A 2.25 Lt,Coca-Cola,Bebidas,7750182003919,Unidad,1,9.0,0
Coca Cola S/A 500 ml,Coca-Cola,Bebidas,7750182000697,Unidad,1,2.7,0
COCA COLA SABOR ORIGINAL 3 L,Coca-Cola,Bebidas,7750182544085,Unidad,1,13.0,0
COCA COLA SABOR ORIGINAL PET 2.5 L,Coca-Cola,Bebidas,7750182001687,Unidad,1,10.5,0
COCA COLA SIN AZUCAR 300 ML,Coca-Cola,Bebidas,7750182003827,Unidad,1,1.6,0
Coca Cola Vainilla Lata x 355 ml,Coca-Cola,Bebidas,0004936509,Unidad,1,6.0,0
Coca Cola VR 192 ml,Coca-Cola,Bebidas,,Unidad,1,1.2,0
Coca Cola VR 296 ml,Coca-Cola,Bebidas,,Unidad,1,1.7,0
Coca Cola VR RT x 400 ml,Coca-Cola,Bebidas,,Unidad,1,1.6,0
Cocktail Blue Lagoon Le Coq 330 ml,Le Coq,Licores y Cervezas,4740098090601,Unidad,1,4.5,0
Cocktail de Frutas Compass 480 g,Compass,Licores y Cervezas,7751158000536,Unidad,1,12.5,0
Cocktail Margarita Le Coq 330 ml,Le Coq,Licores y Cervezas,4740098090632,Unidad,1,4.5,0
Cocktail Mojito Le Coq. 330 ml,Le Coq,Licores y Cervezas,4740098090649,Unidad,1,4.5,0
Cocktail Piña Colada Le Coq 330 ml,Le Coq,Licores y Cervezas,4740098090656,Unidad,1,4.5,0
Cocktail SEx on the Beach Le Coq  330 ml,Le Coq,Licores y Cervezas,4740098090663,Unidad,1,4.5,0
Coco rayado sobre SM 1 und,Genérico,Abarrotes,,Unidad,1,0.5,0
COCOA WINTERS 140 GR,Winter's,Abarrotes,7752748012007,Unidad,1,9.5,0
COCOA WINTERS 20 G,Winter's,Abarrotes,7752748011987,Unidad,1,1.5,0
COCOA WINTERS 40 G,Winter's,Abarrotes,7752748011949,Unidad,1,2.8,0
Codito Don Maximo 250 gr,Don Máximo,Abarrotes,7750346002765,Unidad,1,1.5,0
Codito Fino Don Maximo 250 gr,Don Máximo,Abarrotes,7750346002772,Unidad,1,1.5,0
Codo Chico Don Vittorio 250 gr.,Don Vittorio,Abarrotes,7750243082457,Unidad,1,1.9,0
Codo Don Maximo 250 gr,Don Máximo,Abarrotes,7750346002697,Unidad,1,1.5,0
COLAPIZ EN POLVO DOÑA MARTHA 20 G,Doña Martha,Abarrotes,7756047800105,Unidad,1,2.7,0
Colapiz gelatina s/sabor Fleischmann 20 g,Fleischmann,Abarrotes,7750871000090,Unidad,1,3.0,0
Colgate Anticaries 90 g,Colgate,Cuidado Personal,7891024134702,Unidad,1,3.5,0
Colgate Extra blancura 45 ml,Colgate,Cuidado Personal,7509546056623,Unidad,1,4.2,0
Colgate Gel Dental Fresa Niños 50 gr,Colgate,Cuidado Personal,7891024034095,Unidad,1,4.5,0
Colgate Herbal 90 g,Colgate,Cuidado Personal,7891024145081,Unidad,1,3.2,0
Colgate Triple acción 75 ml,Colgate,Cuidado Personal,7509546000985,Unidad,1,7.0,0
Colgate Triple acción empaque familiar 150 ml,Colgate,Cuidado Personal,7509546000350,Unidad,1,11.5,0
Colgate Triple acción pequeño 22 ml,Colgate,Cuidado Personal,7702010111464,Unidad,1,2.8,0
Comedero mascotas,Genérico,Mascotas,,Unidad,1,40.0,0
Comino Molido Batan 13 g,Batán,Abarrotes,7750552000258,Unidad,1,1.0,0
Comino molido sobre SM 1 und,Genérico,Abarrotes,,Unidad,1,0.5,4
Compass Mermelada Fresa Vaso 320 gr.,Compass,Abarrotes,7751158002516,Unidad,1,6.5,0
COMPASS MERMELADA PIÑA VASO 320 GR,Compass,Abarrotes,7751158010092,Unidad,1,6.5,0
Compass Naranja Vaso 320 gr,Compass,Frutas y Verduras,7751158010085,Unidad,1,6.5,0
Concentrado de tomate molitalia pomarola 110 g,Molitalia,Abarrotes,7750885020138,Unidad,1,1.8,0
Concentrado de tomate molitalia pomarola 70 g,Molitalia,Abarrotes,7750885020244,Unidad,1,1.2,0
Concordia Sabor fresa 355 ml,Concordia,Bebidas,7401005909955,Unidad,1,1.0,0
Concordia Sabor naranja 355 ml,Concordia,Bebidas,7401005913051,Unidad,1,1.0,0
Concordia Sabor piña 355 ml,Concordia,Bebidas,7401005912863,Unidad,1,1.0,0
Condones Piel x 3,Genérico,Cuidado Personal,7750629000907,Unidad,1,3.5,0
Conejo  Iberica 40 gr,La Ibérica,Confitería y Golosinas,7750060002942,Unidad,1,10.0,0
Conejo Iberica 95 gr.,La Ibérica,Confitería y Golosinas,7750060002553,Unidad,1,20.0,0
confiteca barbie anillo diamante cereza 13 g,Confiteca,Confitería y Golosinas,7758102005067,Unidad,1,1.5,0
confiteca barbie anillo diamante fresa 13 g,Confiteca,Confitería y Golosinas,7758102005050,Unidad,1,1.5,0
Confiteca Globo Pop!! Blueberry,Confiteca,Confitería y Golosinas,7758102005081,Unidad,1,1.0,0
Confiteca Globo Pop!! cereza,Confiteca,Confitería y Golosinas,7758102004848,Unidad,1,1.0,0
Confiteca Globo Pop!! Fresa,Confiteca,Confitería y Golosinas,7758102004022,Unidad,1,1.0,0
Cookies and cream Big ben chocolates 48 g,Big Ben,Confitería y Golosinas,7702993048962,Unidad,1,2.5,0
Cool Fresa x 3 Lt,Cool,Bebidas,7751731005415,Unidad,1,4.3,0
Cool Naranja x 3 Lt,Cool,Bebidas,7751731005590,Unidad,1,4.3,0
Cool Piña x 3 Lt,Cool,Bebidas,7751731005538,Unidad,1,4.3,0
Copa Clasica Donofrio 102.9 g,D'Onofrio,Helados y Congelados,8445291134768,Unidad,1,4.5,0
Copa K-Bana Donofrio 58.1 g,D'Onofrio,Helados y Congelados,7613287056313,Unidad,1,2.5,0
Copix Angel 120 g,Ángel,Abarrotes,7759826002899,Unidad,1,3.5,0
Corazon Choco. La Iberica 80 g,La Ibérica,Confitería y Golosinas,7750060000221,Unidad,1,15.0,0
CORAZON CHOCO. LA IBERICA X 35 G,La Ibérica,Confitería y Golosinas,7750060002911,Unidad,1,8.5,0
Corbata Chica Don Maximo 250 gr,Don Máximo,Abarrotes,7750346002802,Unidad,1,1.5,0
Corbata Chica Nicolini x 250 g,Nicolini,Abarrotes,7750243051187,Unidad,1,1.5,0
Corbatita  x und,Genérico,Abarrotes,,Unidad,1,1.2,0
Corn Flakes Kelloggs 110 g,Kellogg's,Abarrotes,7702103001627,Unidad,1,3.5,0
Corona Cero x 355 ml,Corona,Licores y Cervezas,7503044233180,Unidad,1,30.0,0
Corona Extra 330 ml,Corona,Licores y Cervezas,7503038290809,Unidad,1,30.0,0
Coronita Cerveza 210 ml,Genérico,Licores y Cervezas,7501064198380,Unidad,1,21.0,0
CORONITA FIELD 36 G,Field,Confitería y Golosinas,7622201689919,Unidad,1,1.0,0
CORONITA TACO FIELD 96 G,Field,Confitería y Golosinas,7622201722593,Unidad,1,3.0,0
Cortauñas,Genérico,Cuidado Personal,,Unidad,1,3.0,5
Costa Agua Line 200 g,Costa,Bebidas,7750885019613,Unidad,1,3.5,0
costa cereal bar almendra y mani 21 g,Costa,Abarrotes,7750885020510,Unidad,1,1.2,5
costa cereal bar arandanos 21 g,Costa,Abarrotes,7750885017398,Unidad,1,1.2,0
costa cereal bar chips cereal 21 g,Costa,Abarrotes,7750885018807,Unidad,1,1.2,0
costa cereal bar chocolate 21 g,Costa,Confitería y Golosinas,7750885018845,Unidad,1,1.2,0
Costa Cereal Bar maní 21 gr.,Costa,Abarrotes,7750885020480,Unidad,1,1.2,0
Costa Soda Line 170 g,Costa,Confitería y Golosinas,7750885019583,Unidad,1,3.5,0
Costa Vizzio 63 gr.,Costa,Confitería y Golosinas,7750885024853,Unidad,1,5.5,0
Costa Vizzio Almendra 19.2 g,Costa,Abarrotes,7750885024860,Unidad,1,1.5,0
Costa Vizzio Barra Almendra 26 g,Costa,Abarrotes,7750885019569,Unidad,1,1.5,0
Costa Vizzio Bitter 69 gr,Costa,Confitería y Golosinas,7750885020855,Unidad,1,5.5,0
COSTA VIZZIO CRUNCH 23 G,Costa,Confitería y Golosinas,7750885022484,Unidad,1,1.5,0
Costa Vizzio Mani 21 g,Costa,Abarrotes,7750885022644,Unidad,1,1.5,0
Crema Concha de Nacar Portugal 10 gr,Portugal,Cuidado Personal,7750215001103,Unidad,1,1.2,6
Crema de coco Barclan 280 g,Barclan,Abarrotes,7750995000075,Unidad,1,10.0,0
Crema de Coco Wislan 250 ml,Wislan,Licores y Cervezas,,Unidad,1,10.0,4
Crema de Leche Gloria 946 ml,Gloria,Lácteos,7751271003872,Unidad,1,20.5,0
Crema de Leche lata Nestle 300 g,Nestlé,Lácteos,7613036500708,Unidad,1,11.0,0
Crema de Leche UHT Gloria 200 ml,Gloria,Lácteos,7751271028196,Unidad,1,7.0,0
Crema de Rocoto Sachet Walibi 8 g,Walibi,Abarrotes,,Unidad,1,0.4,15
CREMA MAGGI SABOR HONGO X 65 G,Maggi,Abarrotes,088169430982,Unidad,1,3.6,1
CREMA MAGGIE ESPARRAGOS X 66 G,Maggi,Abarrotes,088169430777,Unidad,1,3.6,0
Crema p/peinar diosa rulosa amaras 25 ml,Amaras,Cuidado Personal,7750243073950,Unidad,1,1.0,0
Crema p/peinar rizos extra defin. pantene 16 ml,Pantene,Cuidado Personal,7500435143769,Unidad,1,1.0,0
CREMA PONDS CLARANT B3 10 G,Pond's,Cuidado Personal,7752285039369,Unidad,1,1.3,0
CREMA PONDS CREMA C 10 G,Pond's,Cuidado Personal,7752285039352,Unidad,1,1.3,0
CREMA PONDS CREMA S 10 G,Pond's,Cuidado Personal,7752285039376,Unidad,1,1.3,0
CREMA PONDS REJUVENESS 10 G,Pond's,Cuidado Personal,7752285039383,Unidad,1,1.3,5
Crema Vodka Franchettis Lucuma 750 ml,Franchettis,Licores y Cervezas,7755539000191,Unidad,1,25.0,0
Crema Vodka Franchettis sabor Cafe 187 ml,Franchettis,Licores y Cervezas,,Unidad,1,25.0,0
Crema Vodka Franchettis Sabor Chocolate 750 ml,Franchettis,Licores y Cervezas,7755539000337,Unidad,1,25.0,0
Crema Vodka Franchettis Sabor Coco 750 ml,Franchettis,Licores y Cervezas,7755539000320,Unidad,1,25.0,0
Crema Vodka Franchettis Sabor Maracuya 750 ml,Franchettis,Licores y Cervezas,7755539000566,Unidad,1,25.0,0
Cristal Laton x 473 ml,Cristal,Licores y Cervezas,7753749001960,Unidad,1,30.0,0
Cua cua field 18 g,Field,Confitería y Golosinas,7750168799584,Unidad,1,1.0,0
Cuates clasico Sal  43 g,Frito Lay's,Snacks,7758574005824,Unidad,1,1.0,0
Cuates Picantes Frito Lay 42 gr,Frito Lay's,Snacks,7758574006272,Unidad,1,1.0,0
Cuates picantes karinto 45 g,Frito Lay's,Snacks,7758574005909,Unidad,1,1.0,0
Cuates Rancheritos picantes 45 g,Frito Lay's,Snacks,7758574006371,Unidad,1,1.0,0
Cuates Twist 38 gr,Frito Lay's,Snacks,7758574005794,Unidad,1,1.0,0
Cuatro Gallos Nordica + Pisco Quebranta 700 ml,Cuatro Gallos,Licores y Cervezas,7755204105961,Unidad,1,42.0,0
CUATRO GALLOS PISCO ACHOLADO DE PUROS 700 ML,Cuatro Gallos,Licores y Cervezas,7755204000907,Unidad,1,42.0,0
CUBO SABOR CARNE X 2 MAGGI 18.8 G,Maggi,Abarrotes,8445291370630,Unidad,1,1.0,7
Cubo sabor gallina x 2 maggi 18.8 g,Maggi,Abarrotes,8445291365872,Unidad,1,1.0,0
Cuchara Descartable,Genérico,Bazar y Otros,,Unidad,1,2.5,0
CUCHARITAS X 100 UND,Genérico,Bazar y Otros,,Unidad,1,3.0,2
Culantro fresco batan 32 g,Batán,Frutas y Verduras,7750552000845,Unidad,1,1.2,0
Curitas Family Doctor x Und,Family Doctor,Cuidado Personal,,Unidad,1,0.2,0
CUSQUEÑA NEGRA LATA 355 ML,Cusqueña,Licores y Cervezas,7753749003353,Unidad,1,5.0,0
CUSQUEÑA NEGRA VIDRIO 310 ML X 1 UNIDAD,Cusqueña,Licores y Cervezas,7753749005197,Unidad,1,4.8,0
CUSQUEÑA NEGRA VIDRIO 620 ML X 1 UND,Cusqueña,Licores y Cervezas,77512390,Unidad,1,7.5,0
CUSQUEÑA QUINUA LATA 473 ML,Cusqueña,Licores y Cervezas,7753749008594,Unidad,1,36.0,0
Cusqueña Trigo Lata 355 ml,Cusqueña,Licores y Cervezas,7753749003339,Unidad,1,28.0,0
Cusqueña Trigo Lata 473 ml,Cusqueña,Licores y Cervezas,7753749007955,Unidad,1,36.0,0
CUSQUEÑA TRIGO VIDRIO 310 ML X UNIDAD,Cusqueña,Licores y Cervezas,7753749005180,Unidad,1,4.8,0
Cusqueña Trigo vidrio 620 ml,Cusqueña,Licores y Cervezas,0077536501,Unidad,1,84.0,0
Cutter Simple,Genérico,Bazar y Otros,,Unidad,1,1.5,4
Danzka Citrus Vodka 75 cl,Danzka,Licores y Cervezas,5710707542004,Unidad,1,49.0,0
Danzka Currant Vodka 75 cl,Danzka,Licores y Cervezas,5710707544107,Unidad,1,49.0,0
Deli arroz 12 g,Genérico,Abarrotes,,Unidad,1,0.4,0
Deli Avena Laive 250 ml,Laive,Abarrotes,7750151007030,Unidad,1,3.0,0
Deli Kranch dinochoko cereal 18 g,Gloria,Abarrotes,7751731006146,Unidad,1,0.8,0
Deli Kranch Dinokolor,Gloria,Abarrotes,7751731006221,Unidad,1,0.8,4
Deli Kranch Dinokopos cereal 18 g,Gloria,Abarrotes,7751731006160,Unidad,1,0.8,0
Deli Kranch Dinozukar cereal 18 g,Gloria,Abarrotes,7751731006207,Unidad,1,0.8,0
DENTO TRIPLE ACCION 80 G,Dento,Cuidado Personal,7750243070140,Unidad,1,3.5,0
DERMOSOL PEDIATRICO 100 SPF,Dermosol,Cuidado Personal,7752690003245,Unidad,1,2.8,5
Desodorante Apollo 150 ml Axe,Axe,Cuidado Personal,7791293043814,Unidad,1,11.5,0
Desodorante Black Axe 150 ml,Axe,Cuidado Personal,7791293043821,Unidad,1,11.5,0
Desodorante Dark Temptation 150 ml Axe,Axe,Cuidado Personal,7791293042718,Unidad,1,11.5,0
Desodorante Dove Invisible Dry 150 ml,Dove,Cuidado Personal,7791293048529,Unidad,1,14.0,1
Desodorante Dove Original 150 ml,Dove,Cuidado Personal,7791293048468,Unidad,1,14.0,0
Desodorante Gold Axe 150 ml,Axe,Cuidado Personal,7791293043845,Unidad,1,11.5,0
Desodorante Lady Speed Stick Crema Talc 9g,Speed Stick,Cuidado Personal,7501033204234,Unidad,1,1.2,0
Desodorante Marine 150 ml Axe,Axe,Cuidado Personal,7791293043791,Unidad,1,11.5,0
Desodorante Musk Axe x 150 ml,Axe,Cuidado Personal,7791293043807,Unidad,1,11.5,0
Desodorante Old spice Adventure 150 ml,Old Spice,Cuidado Personal,7500435198172,Unidad,1,14.0,0
Desodorante Old Spice Fresh x 150 ml,Old Spice,Cuidado Personal,7506339349047,Unidad,1,14.0,0
Desodorante Old Spice Leña x 150 ml,Old Spice,Cuidado Personal,7506339390278,Unidad,1,14.0,0
Desodorante Old Spice Ocean Legend x 150 ml,Old Spice,Cuidado Personal,7500435232333,Unidad,1,14.0,0
Desodorante Old spice Pure sport 50 g,Old Spice,Cuidado Personal,7501001164003,Unidad,1,12.0,0
Desodorante Old Spice Pure Sport x 150 ml,Old Spice,Cuidado Personal,7506339349030,Unidad,1,14.0,0
Desodorante Old Spice Wolfthorn x 150 ml,Old Spice,Cuidado Personal,7506339349146,Unidad,1,14.0,0
DESODORANTE REXONA CREMA MOTION SENSE MEN 10 G,Rexona,Cuidado Personal,7752285034036,Unidad,1,1.5,0
DESODORANTE REXONA CREMA MOTION SENSE MUJER 10 G,Rexona,Cuidado Personal,7752285033954,Unidad,1,1.5,0
Desodorante Speed Stick Crema xtreme night hombre  9g,Speed Stick,Cuidado Personal,7501033204265,Unidad,1,1.2,1
Deterg. Ariel con Downy ropa blanca/color 720 gr,Ariel,Limpieza del Hogar,7500435237215,Unidad,1,10.0,0
Deterg. Ultrex Floral x 140 g,Ultrex,Limpieza del Hogar,7707839182787,Unidad,1,1.0,0
Detergente Ace Aroma de Limon x 750 g,Ace,Limpieza del Hogar,7500435202886,Unidad,1,9.5,0
Detergente Ace Aroma limón 330 gr,Ace,Limpieza del Hogar,7500435176835,Unidad,1,5.8,0
Detergente Ace Petalos Florales 330 g,Ace,Limpieza del Hogar,7500435176828,Unidad,1,5.8,0
Detergente Ace Pétalos florales 450 gr,Ace,Limpieza del Hogar,7500435212892,Unidad,1,6.5,0
Detergente Ace Pétalos florales 750 gr,Ace,Limpieza del Hogar,7500435202596,Unidad,1,9.5,0
Detergente Ariel Pro cuidado 330 g,Ariel,Limpieza del Hogar,7500435176811,Unidad,1,6.7,0
DETERGENTE ARIEL PRO CUIDADO 720 GR,Ariel,Limpieza del Hogar,7500435255332,Unidad,1,10.0,0
Detergente Ariel Pro cuidado ropa blanca y de color 450 gr,Ariel,Limpieza del Hogar,7500435213592,Unidad,1,7.5,0
Detergente Ariel Revitacolor ropa blanca y de color 720 gr,Ariel,Limpieza del Hogar,7500435255295,Unidad,1,10.0,0
Detergente Bolivar Cuidado Bebe 140 g,Bolívar,Limpieza del Hogar,7750243079044,Unidad,1,3.0,0
Detergente Bolivar Cuidado bebes y niños 730 gr,Bolívar,Limpieza del Hogar,7750243079112,Unidad,1,9.0,0
DETERGENTE BOLÍVAR CUIDADO MICELAR 730 GR,Bolívar,Limpieza del Hogar,7750243079082,Unidad,1,9.5,0
Detergente Bolivar Cuidado total 320 gr.,Bolívar,Limpieza del Hogar,7750243079075,Unidad,1,5.5,0
Detergente Bolivar Cuidado Total 430 gr,Bolívar,Limpieza del Hogar,7750243079068,Unidad,1,6.5,0
Detergente Bolivar Cuidado total 730 gr,Bolívar,Limpieza del Hogar,7750243079051,Unidad,1,9.0,0
Detergente Bolivar Cuidado Total x 140 g,Bolívar,Limpieza del Hogar,7750243078887,Unidad,1,3.0,1
Detergente Bolivar Cuidado y suavidad 730 gr,Bolívar,Limpieza del Hogar,7750243079099,Unidad,1,9.5,0
Detergente Caricia 100 g,Caricia,Limpieza del Hogar,7709143381795,Unidad,1,3.5,0
Detergente floral Patito 140 g,Patito,Limpieza del Hogar,7751851031868,Unidad,1,1.2,0
Detergente Magia Blanca 2en1 140 g,Magia Blanca,Limpieza del Hogar,7759918005951,Unidad,1,1.0,0
Detergente Marsella Amazonia Tropical x 730 g,Marsella,Limpieza del Hogar,7750243079129,Unidad,1,7.0,0
DETERGENTE MARSELLA JAZMIN Y ROSAS 730 G,Marsella,Limpieza del Hogar,77502430079891,Unidad,1,7.0,0
DETERGENTE MARSELLA LAVANDA Y ROSAS 320 GR,Marsella,Limpieza del Hogar,7750243079822,Unidad,1,3.7,0
DETERGENTE MARSELLA LAVANDA Y ROSAS 430 GR,Marsella,Limpieza del Hogar,7750243079839,Unidad,1,4.5,0
DETERGENTE MARSELLA LAVANDA Y ROSAS 730 GR,Marsella,Limpieza del Hogar,7750243079815,Unidad,1,7.0,0
Detergente Opal  Antibacterial 430 gr,Opal,Limpieza del Hogar,7750243079228,Unidad,1,6.0,0
Detergente Opal Antibacterial 730 gr,Opal,Limpieza del Hogar,7750243079204,Unidad,1,8.5,0
Detergente Opal Blancos x 730 g,Opal,Limpieza del Hogar,7750243080712,Unidad,1,8.5,0
Detergente Opal Ultra 730 gr nueva imagen,Opal,Limpieza del Hogar,7750243080620,Unidad,1,8.0,0
Detergente Opal Ultra floral 320 gr,Opal,Limpieza del Hogar,7750243079235,Unidad,1,4.4,0
Detergente Opal Ultra floral 430 gr,Opal,Limpieza del Hogar,7750243080637,Unidad,1,5.5,0
Detergente Opal Ultra floral 730 gr,Opal,Limpieza del Hogar,7750243079198,Unidad,1,8.5,0
Detergente Opal Ultra Nueva Imagen 320 g,Opal,Limpieza del Hogar,7750243080644,Unidad,1,4.4,0
Detergente Patito Limón 140 gr,Patito,Limpieza del Hogar,,Unidad,1,1.2,0
DETERGENTE TROME 4 EN 1 AROMA ENCANTO FLORAL 140 GR,Trome,Limpieza del Hogar,7750243082136,Unidad,1,1.0,0
Detergente Trome 4 en 1 aroma fresco limon 130 gr,Trome,Limpieza del Hogar,7750243078399,Unidad,1,1.0,0
Detergente Trome 4 en 1 ternura floral 130 gr,Trome,Limpieza del Hogar,7750243078405,Unidad,1,1.0,1
Detergente Ultrex Floral x 450 g,Ultrex,Limpieza del Hogar,7707839186556,Unidad,1,3.5,0
Digest Del Valle 25 und,Del Valle,Abarrotes,7750520000150,Unidad,1,3.5,0
DILYTE REHIDRATANTE KIWI 650ML,Dilyte,Bebidas,7750670020510,Unidad,1,3.8,0
Dog Chow Ad.Rz Peq. x KG,Dog Chow,Mascotas,7751234023329,Unidad,1,9.5,0
Dog Chow cachorro Mini x KG,Dog Chow,Mascotas,,Unidad,1,9.5,0
Dog Chow Cordero x Kg,Dog Chow,Mascotas,,Unidad,1,12.5,0
Dog Chow Mini bolsa x 475 gr,Dog Chow,Mascotas,7702521106034,Unidad,1,5.5,0
Dog Chow Triple Proteina  x KG,Dog Chow,Mascotas,,Unidad,1,12.5,0
Donas x und,Genérico,Panadería,,Unidad,1,1.5,0
Donito Cappuccino 65 ml,Genérico,Confitería y Golosinas,8445291457317,Unidad,1,1.5,0
Donito Tricolor Paleta Donofrio 50.4 g,D'Onofrio,Helados y Congelados,8445291457089,Unidad,1,1.5,0
Doña gusta carne 7 g,Doña Gusta,Abarrotes,,Unidad,1,0.4,41
Doña Gusta costilla de res 7 g,Doña Gusta,Abarrotes,,Unidad,1,0.4,0
Doña gusta gallina 7 g,Doña Gusta,Abarrotes,,Unidad,1,0.4,4
Doña gusta pescado 7 g,Doña Gusta,Abarrotes,,Unidad,1,0.4,6
Doña Gusta tocino 7 g,Doña Gusta,Embutidos y Fiambres,,Unidad,1,0.4,0
Doña Martha Api maiz morado 150 g,Doña Martha,Abarrotes,7751089984165,Unidad,1,3.0,0
Doña Martha azucar impalpable 150 g,Doña Martha,Abarrotes,7756047800082,Unidad,1,2.5,0
Doña Martha crema de habas sabor vainilla 150 g,Doña Martha,Abarrotes,7756047800068,Unidad,1,3.5,0
Doña pepa field 23 g,Field,Confitería y Golosinas,7622202014741,Unidad,1,1.0,0
DORITOS BOLSAZA QA 90 G,Frito Lay's,Snacks,7758574006739,Unidad,1,4.0,0
DORITOS DINAMITA FLAMING HOT 45 G,Frito Lay's,Snacks,7702189060273,Unidad,1,2.5,0
Doritos dinamita Limon Lays 35 g,Frito Lay's,Snacks,7758574005879,Unidad,1,2.0,0
DORITOS FLAMING HOT  43 G,Frito Lay's,Snacks,7758574004582,Unidad,1,2.0,0
Doritos Queso atrevido 21 g,Frito Lay's,Lácteos,7758574004933,Unidad,1,1.0,0
Doritos Queso Atrevido 45 g,Frito Lay's,Lácteos,7758574004445,Unidad,1,2.0,0
Doritos queso atrevido Lays 190 g,Frito Lay's,Lácteos,7758574005480,Unidad,1,8.0,0
Doritos Queso Fuego 45 g,Frito Lay's,Lácteos,7758574004469,Unidad,1,2.0,0
DOWNY ENJUAGUE CONCENTRADO FLORAL DOWNY 80 ML,Downy,Limpieza del Hogar,7500435253994,Unidad,1,1.2,0
Downy Intense 2.6 Lt (NO USAR),Downy,Limpieza del Hogar,7500435253253,Unidad,1,0.0,0
Downy Intense 700 ml,Downy,Limpieza del Hogar,7500435252164,Unidad,1,9.0,0
Downy Intense Enjuague Suavizante Amanecer 80 ml,Downy,Limpieza del Hogar,7500435253963,Unidad,1,1.2,0
DOWNY SUAVIZANTE AMANECER X 360 ML,Downy,Limpieza del Hogar,7500435249621,Unidad,1,5.5,0
Downy Suavizante Concentrado Lavanda 80 ml,Downy,Limpieza del Hogar,7500435206884,Unidad,1,1.2,0
Downy Suavizante Intense Exotico Frasco 360 ml,Downy,Limpieza del Hogar,7500435254021,Unidad,1,4.5,0
DOWNY SUAVIZANTE INTENSE FLORAL 360 ML,Downy,Limpieza del Hogar,7500435127486,Unidad,1,5.5,0
Dr. Pepper 23 Lata x 355 ml,Dr Pepper,Bebidas,0007831504,Unidad,1,6.0,0
Drink T  te verde sabor limon 475 ml,Genérico,Bebidas,7751731001868,Unidad,1,2.5,0
Drink T te verde sabor manzana pera 475 ml,Genérico,Frutas y Verduras,7751731001882,Unidad,1,2.5,0
Dulce hogar flute 8 und,Genérico,Bazar y Otros,8901751374650,Unidad,1,1.2,0
Durazno a granel x kg,Genérico,Frutas y Verduras,,Unidad,1,7.0,0
Durazno en mitades aconcagua 822 g,Aconcagua,Bebidas,7801800100012,Unidad,1,12.0,0
Durazno en mitades compass 820 g,Compass,Abarrotes,7751158046299,Unidad,1,9.5,0
Durazno en Mitades K&B 425 g,K&B,Abarrotes,6982023020804,Unidad,1,4.5,0
Durazno Frugos del valle 1.5 L,Frugos,Bebidas,7750236000185,Unidad,1,6.0,0
Ecco Cebada instant. 10 gr,Ecco,Abarrotes,8445291905740,Unidad,1,1.0,0
Ecco Cebada Instantanea Doypack 170 gr,Ecco,Abarrotes,8445291667549,Unidad,1,12.0,0
Ecco Doy pack 170 gr + vaso,Ecco,Abarrotes,8445291667549,Unidad,1,14.0,1
Ecco Doypack x 80 g,Ecco,Abarrotes,8445290353641,Unidad,1,7.0,0
Ecco Lata 50gr,Ecco,Abarrotes,7613036231718,Unidad,1,5.5,0
EGO Attraction Gel For Men x 110 ml,Ego,Cuidado Personal,7702006298940,Unidad,1,5.5,0
EGO Extreme Max gel for men x 100 ml,Ego,Cuidado Personal,7702006299817,Unidad,1,5.5,0
El Manjar Nestle 200 g,Nestlé,Lácteos,7802950009408,Unidad,1,5.5,0
El verde sazonador batan 12 g,Batán,Abarrotes,7750552000623,Unidad,1,1.0,61
Electrolight Maracuya 475 ml,Electrolight,Bebidas,7759307015240,Unidad,1,2.2,0
ELECTROLIGHT SABOR FRESA 475 ML,Electrolight,Bebidas,7759307017541,Unidad,1,2.2,0
Electrolight Sabor Granadilla 475 ml,Electrolight,Bebidas,7759307015349,Unidad,1,2.2,0
ELECTROLIGHT SABOR MORA 475 ML,Electrolight,Bebidas,7759307017572,Unidad,1,2.2,0
Electrolight Sabor Piña 475 ml,Electrolight,Bebidas,7759307015301,Unidad,1,2.2,0
Elfbar Recargable BC5000Puffs Mango Ice 13 ml,Elfbar,Cigarrillos y Vapes,6939287965952,Unidad,1,56.0,0
Elfbar Recargable BC5000Puffs Passion Fruit 13 ml,Elfbar,Cigarrillos y Vapes,6939287965891,Unidad,1,56.0,0
Elfbar TE5000 Blue Razz Ice x 10.3 ml 5% Nic.,Elfbar,Cigarrillos y Vapes,6941976224554,Unidad,1,45.0,0
Elfbar TE5000 Strawberry Ice x 10.3 ml 5% Nic.,Elfbar,Cigarrillos y Vapes,6941976224677,Unidad,1,45.0,0
Elfbar TE5000 Watermelon Ice x 10.3 ml 5% Nic.,Elfbar,Cigarrillos y Vapes,6941976224707,Unidad,1,45.0,0
Elite PH DH x 6 und mejorado,Elite,Cuidado Personal,7759185011129,Unidad,1,6.5,0
Elite PH Duo doble hoja 4 rollos,Elite,Cuidado Personal,7759185004138,Unidad,1,4.5,0
Elite PH Duo doble hoja 6 rollos,Elite,Cuidado Personal,7759185004398,Unidad,1,6.5,0
Emoliente sobre SM 1 und,Genérico,Abarrotes,,Unidad,1,0.5,0
empanadas queso,Genérico,Lácteos,,Unidad,1,1.5,0
Encendedor Atomic 4 Elements 1 und,Atomic,Cigarrillos y Vapes,4014663602736,Unidad,1,2.5,0
Encendedor Atomic Emoji 1 und,Atomic,Cigarrillos y Vapes,4014663704447,Unidad,1,2.5,0
Encendedor Atomic Footbal Legends 1 und,Atomic,Cigarrillos y Vapes,4014663709459,Unidad,1,2.5,0
Encendedor Click Simple,Genérico,Cigarrillos y Vapes,,Unidad,1,1.5,0
Encendedor Simple 1 und,Genérico,Cigarrillos y Vapes,,Unidad,1,1.0,0
Encendedor tipo clipper atomic,Clipper,Cigarrillos y Vapes,,Unidad,1,2.5,0
ENE Legend 35OC Mesh Mad Blue 2% NIC salt 10 ml,ENE,Cigarrillos y Vapes,6942035607417,Unidad,1,38.0,0
ENE Legend 35OC Mesh Straw Raspb Cherry Ice 2% NIC sa,ENE,Cigarrillos y Vapes,6942035607363,Unidad,1,38.0,0
Energina 3 lt,Energina,Bebidas,7751731998731,Unidad,1,8.0,0
Energina gaseosa 1 lt,Energina,Bebidas,7751731006511,Unidad,1,3.5,0
Energina Gaseosa 2L,Energina,Bebidas,7751731998878,Unidad,1,6.0,0
Energina Gaseosa 400 ml,Energina,Bebidas,7751731998793,Unidad,1,1.2,0
Energina Gaseosa 600 ml,Energina,Bebidas,7751731007181,Unidad,1,1.8,0
Enjuague Bolivar Baby & Kids 80 ml,Bolívar,Limpieza del Hogar,7750243052627,Unidad,1,1.2,0
Enjuague Fresca Primavera Suavitel 80 ml,Suavitel,Limpieza del Hogar,7702010282942,Unidad,1,1.2,0
Enjuague Lavanda Bolivar Plus 80 ml,Bolívar,Limpieza del Hogar,7750243058339,Unidad,1,1.0,0
Enjuague Lavanda Suavitel 80 ml,Suavitel,Limpieza del Hogar,7702010282911,Unidad,1,1.2,0
ENJUAGUE ORQUIDEA BOLIVAR PLUS 80 ML,Bolívar,Limpieza del Hogar,7750243083560,Unidad,1,1.2,0
Enjuague Suavizante Azul Downy 80 ml,Downy,Limpieza del Hogar,7506339314410,Unidad,1,1.2,0
Eristoff gold premium spirit drink 700 cc,Eristoff,Licores y Cervezas,5010677806657,Unidad,1,30.0,0
Escoba Super Dalia Virutex,Virutex,Limpieza del Hogar,7759998003434,Unidad,1,14.0,7
Escobilla Capsula para baño mascota,Genérico,Limpieza del Hogar,9202303100093,Unidad,1,15.0,1
Escobilla lustrador Cav Pequeño 1 und,Cav,Limpieza del Hogar,,Unidad,1,2.5,0
Escobilla P/lavar ropa Catas und,Genérico,Limpieza del Hogar,,Unidad,1,3.5,0
Escobilla P/lustrar zapato mediano,Genérico,Limpieza del Hogar,,Unidad,1,2.5,1
Esencia de Vainilla Doña Martha x 90 ml.,Doña Martha,Abarrotes,,Unidad,1,1.5,0
Esencia de vainilla umsha 90 ml,Umsha,Abarrotes,7750243069700,Unidad,1,1.5,0
Esponja Carmelita Acerada Tela 1 und,Genérico,Limpieza del Hogar,,Unidad,1,2.5,6
Esponja Cocina Scotch-Brite Multiusos,Scotch-Brite,Limpieza del Hogar,7702098200029,Unidad,1,4.0,0
Esponja Estropajo brillo de metal,Genérico,Limpieza del Hogar,,Unidad,1,1.5,0
Esponja fibra verde Virutex,Virutex,Limpieza del Hogar,7759998008323,Unidad,1,1.5,0
Esponja metalica Mr jomi Alambrada 12 g,Genérico,Limpieza del Hogar,7750458054041,Unidad,1,1.5,0
Esponja Naylin doble uso,Naylin,Limpieza del Hogar,,Unidad,1,1.5,0
Esponja Pulex Doble uso 1 und,Pulex,Limpieza del Hogar,,Unidad,1,1.5,0
Esponja Redonda  Metálica Jingba,Jingba,Limpieza del Hogar,,Unidad,1,2.0,5
Esponja Scotch Brite Limpieza extrafuerte metálica 7 cm x 10 cm,Scotch-Brite,Limpieza del Hogar,7750373104593,Unidad,1,2.5,3
Esponja Scotch Brite Limpieza profunda fibra verde 10 x 13.5 cm,Scotch-Brite,Limpieza del Hogar,7750373104586,Unidad,1,1.8,0
Esponja Verde Scotch-Brite (10cmx10cm),Scotch-Brite,Limpieza del Hogar,7750373000017,Unidad,1,1.5,0
Esponja Viruta Carmelita Blister (x1) Acero,Genérico,Limpieza del Hogar,,Unidad,1,2.0,0
Esponja Yomar Salva uñas 1 und ud.,Yomar,Limpieza del Hogar,,Unidad,1,1.5,0
Espumante Caballo Viejo  750 ml,Genérico,Licores y Cervezas,,Unidad,1,11.0,0
ESPUMANTE DON CASTELO SEMISECCO 750 ML,Genérico,Licores y Cervezas,7750921000162,Unidad,1,21.0,2
Espumante Napoleon Demi-Sec 750 ml,Genérico,Licores y Cervezas,7758645287753,Unidad,1,15.0,0
ESPUMANTE PRIMADO SANTIAGO QUEIROLO 750 ML,Santiago Queirolo,Licores y Cervezas,7758218196017,Unidad,1,22.0,1
Espumante Primadona S.Q. 750 ml,Santiago Queirolo,Licores y Cervezas,7758218621014,Unidad,1,22.0,0
ESPUMANTE SEÑORIO DE NAJAR 750 ML,Señorio de Najar,Licores y Cervezas,7759291000680,Unidad,1,23.0,0
Espumante Sol y Tierra,Sol y Tierra,Licores y Cervezas,7750458570206,Unidad,1,15.0,1
EVERVESS GINGER ALE 1.5 L,Evervess,Bebidas,7751580001101,Unidad,1,7.5,0
Excellent Adulto cordero Skin Care x KG,Excellent,Mascotas,,Unidad,1,15.0,0
Excellent Adulto Rz Peq. x Kg,Excellent,Mascotas,,Unidad,1,15.0,0
Excellent cachorro rz. medianas x KG,Excellent,Mascotas,,Unidad,1,15.0,0
Fabripack bolsas 16 x 19 negra,Fabripack,Bazar y Otros,,Unidad,1,0.0,0
Fanta Cherry Lata x 355 ml,Fanta,Bebidas,49000067729,Unidad,1,6.0,0
FANTA KOLA INGLESA  300 ML,Fanta,Bebidas,7750182007801,Unidad,1,1.2,0
FANTA KOLA INGLESA 500 ML,Fanta,Bebidas,7750182002363,Unidad,1,2.5,0
Fanta lata 350 ml,Fanta,Bebidas,7771620830126,Unidad,1,4.5,0
FANTA MANZANA 300 ML,Fanta,Bebidas,7750182008655,Unidad,1,1.6,0
Fanta Manzana Verde 500 ml,Fanta,Bebidas,7750182008587,Unidad,1,2.5,0
Fanta Naranja 2.25 lt,Fanta,Bebidas,7750182698337,Unidad,1,7.5,0
Fanta Naranja 3 L,Fanta,Bebidas,7750182495301,Unidad,1,8.5,0
FANTA NARANJA 300 ML,Fanta,Bebidas,7750182003704,Unidad,1,1.6,0
Fanta Peach Lata x 355 ml,Fanta,Bebidas,49000033939,Unidad,1,6.0,0
FANTA SABOR NARANJA 500 ML,Fanta,Bebidas,7750182220378,Unidad,1,2.5,0
Fanta Uva Lata x 355 ml,Fanta,Bebidas,49000014242,Unidad,1,6.0,0
Felix Lata Filete Pescado y Atun 156 gr,Felix,Abarrotes,50000290635,Unidad,1,6.0,1
Felix Lata Pate Pescado y Atun 156 gr,Felix,Abarrotes,50000290598,Unidad,1,6.0,0
Felix Lata Pate Salmon 156 gr,Felix,Mascotas,50000290482,Unidad,1,6.0,0
Felix Pate Pavo y Menudencias,Felix,Mascotas,50000290680,Unidad,1,6.0,1
FERNET BRANCA 750 ML (COD. 1602),Fernet Branca,Licores y Cervezas,8004400014416,Unidad,1,58.0,0
Fetuchini Integral Bella Abanquina x 450 g,Bella Abanquina,Abarrotes,7756446000076,Unidad,1,6.0,0
Fetuchini Integral c/Espinaca Bella Abanquina x 450 g,Bella Abanquina,Abarrotes,7756446000090,Unidad,1,6.0,0
Fetuchini Quinua Bella Abanquina x 450 g,Bella Abanquina,Abarrotes,7756446000083,Unidad,1,6.0,1
Fideo Nicolini Codo Chico x 250 g,Nicolini,Abarrotes,7750243081412,Unidad,1,1.5,0
Fideos Don Maximo Cabello de angel 250 gr,Ángel,Abarrotes,7750346000396,Unidad,1,1.5,0
Fideos Don Maximo Spaguetti 500 gr,Don Máximo,Abarrotes,7750346000013,Unidad,1,2.8,0
Fideos Don Vittorio Aritos 235 gr,Don Vittorio,Abarrotes,7750243073752,Unidad,1,1.9,0
Fideos Don Vittorio Cabello de angel 250 g,Ángel,Abarrotes,7750243037549,Unidad,1,1.9,0
Fideos Don Vittorio Canuto rayado 235 gr,Don Vittorio,Abarrotes,7750243073738,Unidad,1,1.9,0
Fideos Don Vittorio Caracol Chico 235 gr,Don Vittorio,Abarrotes,7750243073790,Unidad,1,1.9,0
Fideos Don Vittorio Codo Chico 235 gr,Don Vittorio,Abarrotes,7750243074384,Unidad,1,1.9,0
Fideos Don Vittorio Codo rayado 250 gr,Don Vittorio,Abarrotes,7750243082341,Unidad,1,1.9,0
FIDEOS DON VITTORIO CORBATA CHICA 250 GR,Don Vittorio,Abarrotes,7750243082464,Unidad,1,1.9,0
FIDEOS DON VITTORIO CORBATA GRANDE 250 GR,Don Vittorio,Abarrotes,7750243082389,Unidad,1,1.9,0
Fideos Don Vittorio Fetuccini 450 g,Don Vittorio,Abarrotes,7750243073059,Unidad,1,3.8,0
Fideos Don Vittorio Fetuccini x 950 gr,Don Vittorio,Abarrotes,7750243072977,Unidad,1,7.0,0
FIDEOS DON VITTORIO LINGUINI GROSSO 500 G,Don Vittorio,Abarrotes,7750243082532,Unidad,1,3.8,0
Fideos Don Vittorio Linguini grosso 950 g,Don Vittorio,Abarrotes,7750243072960,Unidad,1,7.0,0
Fideos Don Vittorio Rigatoni 250 gr,Don Vittorio,Abarrotes,7750243073783,Unidad,1,1.9,2
FIDEOS DON VITTORIO SPAGUETTI 500 2.55G,Don Vittorio,Abarrotes,7750243082501,Unidad,1,3.8,0
FIDEOS DON VITTORIO SPAGUETTI 950 G,Don Vittorio,Abarrotes,7750243086813,Unidad,1,7.0,0
Fideos Don Vittorio Tornillo 225 gr,Don Vittorio,Abarrotes,7750243073745,Unidad,1,1.9,0
Fideos Letras y Números  Don Vittorio 235 gr.,Don Vittorio,Abarrotes,7750243073813,Unidad,1,1.9,0
Fideos Molitalia Cabello de angel 250 gr,Ángel,Abarrotes,7750885217583,Unidad,1,1.8,0
Fideos Molitalia Canuto 235 gr,Molitalia,Abarrotes,7750885022781,Unidad,1,1.8,0
Fideos Molitalia Codo rayado 235 gr,Molitalia,Abarrotes,7750885022828,Unidad,1,1.8,0
Fideos Molitalia Corbatita x 225 g,Molitalia,Abarrotes,7750885023894,Unidad,1,1.8,0
FIDEOS MOLITALIA FUSILLI TRICOLOR 250 GR,Molitalia,Abarrotes,7750885289016,Unidad,1,2.5,0
FIDEOS MOLITALIA MACARRON 250 GR,Molitalia,Abarrotes,7750885007382,Unidad,1,1.8,0
Fideos Molitalia Rigatoni 235 gr,Molitalia,Abarrotes,7750885022750,Unidad,1,1.8,0
Fideos Molitalia Spaguetti 450 gr,Molitalia,Abarrotes,7750885021166,Unidad,1,3.5,0
Fideos Molitalia Spaguetti 950 g,Molitalia,Abarrotes,7750885021043,Unidad,1,6.5,0
Fideos Molitalia Tallarin 450 gr,Molitalia,Abarrotes,7750885022118,Unidad,1,3.5,0
Fideos Molitalia Tornillo 235 gr,Molitalia,Abarrotes,7750885022798,Unidad,1,1.8,0
Fideos Municion Don Vittorio 250 gr,Don Vittorio,Abarrotes,7750243082488,Unidad,1,1.9,0
Fideos Municion Nicolini 235 g,Nicolini,Abarrotes,7750243074698,Unidad,1,1.5,0
Fideos Nicolini Aritos 250 gr,Nicolini,Abarrotes,7750243051163,Unidad,1,1.5,0
Fideos Nicolini Cabello de angel 250 gr,Ángel,Abarrotes,7750243051118,Unidad,1,1.5,0
Fideos Nicolini Caracol 225 g,Nicolini,Abarrotes,7750243075466,Unidad,1,1.5,0
Fideos Nicolini Codo chico 235 gr,Nicolini,Abarrotes,7750243074599,Unidad,1,1.5,0
Fideos Nicolini Codo rayado 225 gr,Nicolini,Abarrotes,7750243074728,Unidad,1,1.5,0
Fideos Nicolini Codo Rayado 250 g,Nicolini,Abarrotes,7750243051132,Unidad,1,1.5,0
Fideos Nicolini Corbata 225 gr,Nicolini,Abarrotes,7750243074605,Unidad,1,1.5,0
FIDEOS NICOLINI LETRAS Y NUMEROS 235 GR,Nicolini,Abarrotes,7750243081382,Unidad,1,1.8,0
Fideos Nicolini Macarron 235 gr,Nicolini,Abarrotes,7750243074681,Unidad,1,1.5,0
Fideos Nicolini Plumilla 250 g,Nicolini,Abarrotes,7750243081429,Unidad,1,1.5,0
Fideos Nicolini Spaguetti 950 gr,Nicolini,Abarrotes,7750243072601,Unidad,1,5.0,0
Fideos Nicolini Tallarin grueso 450 gr,Nicolini,Abarrotes,7750243073066,Unidad,1,2.8,0
Fideos Nicolini Tallarin Grueso x 500 g,Nicolini,Abarrotes,7750243051101,Unidad,1,2.8,0
Fideos Nicolini Tornillo 250 gr,Nicolini,Abarrotes,7750243051125,Unidad,1,1.5,0
Fideos Rigatoni Nicolini 250 g,Nicolini,Abarrotes,7750243081436,Unidad,1,1.5,0
Fideos Spaguetti Nicolini 500 g,Nicolini,Abarrotes,7750243051088,Unidad,1,2.8,0
Fideos Spaguetti Nicolini 950 gr,Nicolini,Abarrotes,7750243054478,Unidad,1,5.0,0
Fideos Tallarin Delgado Nicolini 500 g,Nicolini,Abarrotes,7750243051095,Unidad,1,2.8,0
field cream crackers 258 g,Field,Confitería y Golosinas,7622201733889,Unidad,1,6.0,0
Filete Atun Ac/V  San Jorge 140 gr.,San Jorge,Abarrotes,7750106004015,Unidad,1,5.0,0
Filete de Atun A/V  Marinero 140 gr,Marinero,Abarrotes,7751158011051,Unidad,1,5.0,0
Filete de atun en aceite vegetal A1 140 g,A1,Abarrotes,7759109000758,Unidad,1,5.5,0
Filete de atun en aceite vegetal Fanny 140 g,Fanny,Abarrotes,7750885020329,Unidad,1,6.0,0
Filete de atun en aceite vegetal Nicolini 140 g,Nicolini,Abarrotes,7750243072335,Unidad,1,5.5,0
Filete de atun en aceite vegetal Primor 141 g,Primor,Abarrotes,7750243072311,Unidad,1,6.0,0
Filete de atun en agua y sal Fanny 140 g,Fanny,Bebidas,7750885020336,Unidad,1,6.0,0
Filete de atun en agua y sal Gloria 140 g,Gloria,Bebidas,7751271033428,Unidad,1,6.0,0
Filete de Atún Gloria en ac.veg/sal 140 gr,Gloria,Abarrotes,7751271033411,Unidad,1,6.0,0
Filete de Atun Real A/Girasol x 140 g,Real,Abarrotes,7862100605416,Unidad,1,6.5,0
Film clear plastic wrap 30 m x 30 cm Crisli 1 und,Crisli,Bazar y Otros,,Unidad,1,6.5,1
Filtrante Surtido del Valle x 25 und,Del Valle,Abarrotes,7750520000112,Unidad,1,3.5,0
Flake Angel 130 g,Ángel,Abarrotes,7758071002067,Unidad,1,3.5,0
Flan Royal Vainilla 80 g,Royal,Abarrotes,7622201500276,Unidad,1,3.0,0
Flan Vainilla Umsha 90 g,Umsha,Abarrotes,7750243070102,Unidad,1,2.8,0
Flashlyte Rehidratante Uva  625 ml,Flashlyte,Bebidas,7802820774139,Unidad,1,5.5,0
Flor de Jamaica a granel,Genérico,Frutas y Verduras,,Unidad,1,18.0,0
Flor de jamaica sobre SM 1 und,Genérico,Abarrotes,,Unidad,1,0.5,0
Florecimiento flute 8 und,Genérico,Bazar y Otros,8901751446302,Unidad,1,1.2,0
Florida Filete de atun ac/ve 140 g,Florida,Abarrotes,7751158011969,Unidad,1,6.0,0
Florida Trozos ace/ve 140 g,Florida,Limpieza del Hogar,7751158010443,Unidad,1,5.5,0
FOCHIS PASAS CON CHOCOLATE 28 G,Winter's,Confitería y Golosinas,7752748011161,Unidad,1,1.7,12
Fochis sobres Antares,Antares,Confitería y Golosinas,,Unidad,1,2.0,0
Foco Led Rayovac L/A 8 W,Rayovac,Bazar y Otros,8888021305531,Unidad,1,4.5,0
Foco Led Rayovac L/B  14 W,Rayovac,Bazar y Otros,8888021305609,Unidad,1,5.0,0
Foco Philips 13 W - 95 W,Philips,Bazar y Otros,8720169305465,Unidad,1,7.0,0
Foco Pila Led 13W (95W),Genérico,Bazar y Otros,8727900974638,Unidad,1,6.0,0
Foco Pila Led 15w (100w),Genérico,Bazar y Otros,8727900974898,Unidad,1,6.5,0
Fondy chocolate iberica 50 g,La Ibérica,Confitería y Golosinas,7750060003185,Unidad,1,6.0,0
Fondy Menta 50 gr. La Iberica,La Ibérica,Confitería y Golosinas,7750060003376,Unidad,1,8.0,0
Fosforo la llama,La Llama,Cigarrillos y Vapes,,Unidad,1,0.3,0
Fosforo la LLama x 2,La Llama,Cigarrillos y Vapes,7758461000352,Unidad,1,0.0,0
Fosforo palitos inti,Inti,Cigarrillos y Vapes,,Unidad,1,0.3,0
Fosforo parrillero inti,Inti,Cigarrillos y Vapes,,Unidad,1,1.5,0
FOUR LOKO 473 ML TODOS LOS SABORES,Four Loko,Licores y Cervezas,00012025,Unidad,1,12.0,22
Franchettis  Coco 187 ml,Franchettis,Licores y Cervezas,,Unidad,1,13.0,0
Franchettis Chocolate 187 ml,Franchettis,Confitería y Golosinas,,Unidad,1,13.0,0
Franchettis Lucuma 187,Franchettis,Licores y Cervezas,,Unidad,1,13.0,0
Frasco Cafe Liofilizado Vainilla 50 gr.,Genérico,Abarrotes,7707211639380,Unidad,1,24.0,0
Free Tea Frutos Rojos 500 ml,Free Tea,Bebidas,7750670012485,Unidad,1,2.5,0
Free Tea Limon Vidrio x 450 ml,Free Tea,Bebidas,7750670012164,Unidad,1,2.5,0
Free Tea te negro Durazno x 500 ml,Free Tea,Bebidas,7750670012478,Unidad,1,2.5,0
FREJOL CANARIO A GRANEL X KG,Genérico,Abarrotes,7751234013139,Unidad,1,9.5,1
Fresh Can Shampoo Antipulgas x 30 ml,Fresh Can,Cuidado Personal,7753176004558,Unidad,1,1.5,2
Fresh Can Shampoo Cachorros x 30 ml,Fresh Can,Cuidado Personal,7753176004589,Unidad,1,1.5,1
Fresh Can Shampoo Pelo Suave y Brillante x 30 ml,Fresh Can,Cuidado Personal,7753176004572,Unidad,1,1.5,0
Fresh Can Shampoo Piel Sensible x 30 ml,Fresh Can,Cuidado Personal,7753176004565,Unidad,1,1.5,0
Fresia almohada Angel 110 g,Ángel,Abarrotes,7759826001311,Unidad,1,3.5,0
Fresia Almohada Angel 18 g,Ángel,Abarrotes,7759826006163,Unidad,1,0.8,0
Frijol caraota a granel x kg,Genérico,Frutas y Verduras,7751234013009,Unidad,1,6.5,0
Frijol castilla a granel x kg,Genérico,Frutas y Verduras,7751234013184,Unidad,1,5.5,2
Frio Rico Cono Cappuccino Donofrio 70.4 g,Rico Pollo,Helados y Congelados,8445291038288,Unidad,1,5.0,0
Frio Rico Cono Crema de licor 120 ml,Rico Pollo,Licores y Cervezas,8445291628113,Unidad,1,5.0,0
Frio Rico Cono Fresa Huaura 120 ml,Rico Pollo,Helados y Congelados,8445291660625,Unidad,1,5.0,0
Frio Rico Cono Lucuma 120 ml,Rico Pollo,Helados y Congelados,8445290984227,Unidad,1,5.0,0
Frio Rico Cono Vainilla Donofrio 71.8 g,Rico Pollo,Helados y Congelados,8445290984142,Unidad,1,5.0,0
Frio Rico Crocante Cafe x 900 ml,Rico Pollo,Helados y Congelados,,Unidad,1,26.0,0
Frio Rico Crocante de Caramelo 900 ml,Rico Pollo,Confitería y Golosinas,8445290956675,Unidad,1,26.0,0
Frio Rico Mini Paleta Cacao Donofrio,Rico Pollo,Helados y Congelados,,Unidad,1,4.5,0
Frio Rico Paleta Fresa Huaura Donofrio 74.8 g,Rico Pollo,Helados y Congelados,8445291210684,Unidad,1,5.0,0
Frio Rico Paleta Maracuya Donofrio 78.7 g,Rico Pollo,Helados y Congelados,8445290686459,Unidad,1,5.0,0
Frio Rico Paleta Vainilla Almendras Donofrio 77.4 g,Rico Pollo,Helados y Congelados,8445290074751,Unidad,1,5.0,0
Friskies,Friskies,Mascotas,,Unidad,1,14.5,3
Frontera Cabernet Sauvignon 750 ml,Frontera,Licores y Cervezas,7804320559001,Unidad,1,28.0,0
Frontera Carmenere x 750 ml,Frontera,Licores y Cervezas,,Unidad,1,28.0,0
Frontera Malbec 750 ml,Frontera,Licores y Cervezas,7798039596528,Unidad,1,28.0,0
Frontera Merlot 750 ml,Frontera,Licores y Cervezas,7804320706009,Unidad,1,28.0,0
Frontera Sauvignon Blanc  750 ml,Frontera,Licores y Cervezas,7804320556000,Unidad,1,28.0,0
Froot Loops kelloggs 75 g,Kellogg's,Abarrotes,7702103124791,Unidad,1,3.5,0
FRUGOS DEL VALLE 3 LT,Frugos,Bebidas,7750182007283,Unidad,1,6.5,0
FRUGOS DEL VALLE DURAZNO 235 ML,Frugos,Bebidas,7750182001267,Unidad,1,1.5,0
Frugos del valle Fresh 500 ml,Frugos,Bebidas,7750182005982,Unidad,1,1.5,0
Frugos del Valle Fresh Citrus 1.5 L,Frugos,Bebidas,7750182006521,Unidad,1,3.8,0
FRUGOS DEL VALLE FRESH CITRUS 350 ML,Frugos,Bebidas,7750182008167,Unidad,1,1.0,0
FRUGOS DEL VALLE MANGO TETRAPACK 235 ML,Frugos,Bebidas,7750182001311,Unidad,1,1.81,0
FRUGOS DEL VALLE MANZANA  970 ML,Frugos,Bebidas,7750182008358,Unidad,1,5.0,0
Frugos del Valle Manzana 350 ml,Frugos,Bebidas,7750182008198,Unidad,1,1.0,0
Frugos del Valle Manzana Tetrapack 235 ml,Frugos,Bebidas,7750182001335,Unidad,1,1.5,0
FRUGOS DEL VALLE NARANJA 1.45 LT,Frugos,Bebidas,7750182008402,Unidad,1,6.5,0
Frugos del Valle Naranja Tetrapack 235 ml,Frugos,Bebidas,7750182001328,Unidad,1,1.5,0
Frugos manzana 1 lt TTPK,Frugos,Bebidas,7750182003384,Unidad,1,4.5,0
FRUIT ANGEL 130 G,Ángel,Abarrotes,7758071002104,Unidad,1,3.5,0
Fruna Ambrosoli surtido,Ambrosoli,Confitería y Golosinas,,Unidad,1,0.5,0
Fruna Blocks 25 gr.,Ambrosoli,Confitería y Golosinas,7750885016889,Unidad,1,0.8,0
Fruvi Bebida Durazno 1 L,Fruvi,Bebidas,7751731002698,Unidad,1,5.0,0
Fruvi Bebida Durazno 300 ml,Fruvi,Bebidas,7751731002674,Unidad,1,2.5,0
Fruvi Bebida Mango 1 L,Fruvi,Bebidas,7751731002704,Unidad,1,5.0,0
Fruvi Bebida Mango 300 ml,Fruvi,Bebidas,7751731002681,Unidad,1,2.5,0
FUDGE HELADERO B.V. DOYPACK 200 G,B.V.,Confitería y Golosinas,7753992000345,Unidad,1,5.0,0
Fury Energy 350 ml,Fury Energy,Bebidas,815154023924,Unidad,1,2.0,0
Fusion sandia xl marlboro 20 und,Marlboro,Cigarrillos y Vapes,0077968401,Unidad,1,1.5,0
Gajos de Limon Ambrosoli x 100 und.,Ambrosoli,Confitería y Golosinas,,Unidad,1,0.1,0
Galleta Agua Victoria x 150 g,Victoria,Bebidas,7750243024167,Unidad,1,2.5,0
Galleta Animalitos x 60 gr,Genérico,Confitería y Golosinas,7750106001786,Unidad,1,1.0,0
GALLETA ANIMALITOS ZOOLÓGICO X KG,Genérico,Confitería y Golosinas,,Unidad,1,10.0,0
Galleta Biscolata rellena c/chocolate 25 gr,Genérico,Confitería y Golosinas,8699141057718,Unidad,1,2.0,0
Galleta Caritas doble Chocolate  30 gr,Genérico,Confitería y Golosinas,7750885021555,Unidad,1,1.0,0
Galleta Champagne,Genérico,Confitería y Golosinas,,Unidad,1,3.5,0
Galleta chokosoda field 36 g,Field,Confitería y Golosinas,7622202014796,Unidad,1,1.4,0
Galleta club social integral nabisco 24 g,Nabisco,Confitería y Golosinas,7622202047916,Unidad,1,1.0,0
Galleta club social original nabisco 24 g,Nabisco,Confitería y Golosinas,7622201717766,Unidad,1,1.0,0
Galleta Cracknel Integral San Jorge 175 gr,San Jorge,Confitería y Golosinas,7750106003414,Unidad,1,2.6,0
GALLETA DE CHUÑO GUSTITOS FRESCOS  4 UND,Genérico,Confitería y Golosinas,7751451000677,Unidad,1,1.6,0
Galleta de Vainilla Field 37 gr.,Field,Confitería y Golosinas,7622300279783,Unidad,1,1.0,0
Galleta Dore 230 g,Genérico,Confitería y Golosinas,7613033689734,Unidad,1,5.5,0
Galleta Municion San Jorge x 55 g,San Jorge,Confitería y Golosinas,7750106001656,Unidad,1,1.0,0
GALLETA RELLENITAS CHOCOLATE-FRESA 36 GR.,Genérico,Confitería y Golosinas,7750106002646,Unidad,1,0.7,0
Galleta Soda San Jorge 250 g,San Jorge,Confitería y Golosinas,7750106000277,Unidad,1,3.5,0
Galleta Tejana a Granel,Genérico,Confitería y Golosinas,,Unidad,1,26.0,0
GALLETA VAINILLA  GOURMET 250 GR,Genérico,Confitería y Golosinas,7750106003544,Unidad,1,3.5,0
GALLETA VAINILLA TACO FIELD 136 GR,Field,Confitería y Golosinas,7622202802782,Unidad,1,3.0,0
Galletas Animalitos San Jorge x KG,San Jorge,Confitería y Golosinas,7750106000024,Unidad,1,10.0,0
Galletas Avena sobre Antares,Antares,Confitería y Golosinas,,Unidad,1,3.0,0
Galletas coconut San Jorge 55 g,San Jorge,Confitería y Golosinas,7750106001632,Unidad,1,1.0,0
Galletas de soda field 32 g,Field,Confitería y Golosinas,7622201714826,Unidad,1,1.0,0
Galletas Ducales Noel 241 g,Noel,Confitería y Golosinas,7702025120192,Unidad,1,5.5,0
Galletas Integrackers Miel  Victoria 30 gr,Victoria,Confitería y Golosinas,7750243047357,Unidad,1,1.0,0
Galletas Integrales Costa 250 g,Costa,Confitería y Golosinas,7750885002721,Unidad,1,4.0,0
Galletas Integrales Costa 37 gr.,Costa,Confitería y Golosinas,7750885002738,Unidad,1,1.0,0
Galletas Navideñas San Jorge 40 g,San Jorge,Confitería y Golosinas,7750106002257,Unidad,1,1.0,0
Galletas Rellenitas  Chocolate/Menta 36 gr,Genérico,Confitería y Golosinas,7750106002639,Unidad,1,0.7,0
GALLETAS RELLENITAS CHOCOLATE 36 GR,Genérico,Confitería y Golosinas,7750106002608,Unidad,1,0.5,0
Galletas Rellenitas Coco 36 gr.,Genérico,Confitería y Golosinas,7750106002592,Unidad,1,0.7,0
GALLETAS RELLENITAS FRESA 36 GR,Genérico,Confitería y Golosinas,7750106002615,Unidad,1,0.7,0
Galletas Rellenitas Lúcuma 36 gr.,Genérico,Confitería y Golosinas,7750106003872,Unidad,1,0.8,0
Galletas ritz nabisco 20 g,Nabisco,Confitería y Golosinas,7622201389956,Unidad,1,1.0,0
GALLETAS SODA FAMILIAR SAN JORGE 75 G,San Jorge,Confitería y Golosinas,7750106002868,Unidad,1,2.0,0
Galletas Surtidas Arcor x 400 g,Arcor,Confitería y Golosinas,7790040420045,Unidad,1,6.5,0
Galletonas Integrales de Chia / Avena 200 gr,Genérico,Abarrotes,7751451000370,Unidad,1,4.5,0
Galletonas Integrales de Quinua 200 gr,Genérico,Abarrotes,7751451000325,Unidad,1,4.5,0
Ganchitos para pelo,Genérico,Bazar y Otros,,Unidad,1,1.5,0
Ganchos/Pinzas P/ropa (x24),Genérico,Bazar y Otros,,Unidad,1,2.5,0
Gansito Bimbo Marinela 50 g,Bimbo,Confitería y Golosinas,7750727738825,Unidad,1,2.5,0
Gansito Black relleno Frutos del Bosque 50 gr,Bimbo,Confitería y Golosinas,7750727014707,Unidad,1,2.5,0
Garbanzo a Granel,Genérico,Abarrotes,,Unidad,1,8.5,2
Gatorade Sabor apple ice 500 ml,Gatorade,Bebidas,7751655001340,Unidad,1,2.0,0
Gatorade Sabor cool blue 500 ml,Gatorade,Bebidas,7751655001357,Unidad,1,2.0,0
Gatorade Sabor mandarina 500 ml,Gatorade,Bebidas,7751655001333,Unidad,1,2.0,0
Gatorade sabor Mandarina 750 Ml,Gatorade,Bebidas,7751655001371,Unidad,1,4.5,0
Gatorade Sabor Tropical Fruit 1lt,Gatorade,Bebidas,7751655001395,Unidad,1,4.0,0
Gatorade Sabor tropical fruit 500 ml,Gatorade,Bebidas,7751655001326,Unidad,1,2.0,0
Gatorade sabor Tropical Fruit 750 ml,Gatorade,Bebidas,7751655001364,Unidad,1,4.5,0
Gatorlit Recover Fresa/Kiwi 591 ml,Gatorade,Bebidas,7751655001487,Unidad,1,5.0,0
Gatorlit Recover Uva 591 ml,Gatorade,Bebidas,7751655001470,Unidad,1,5.0,0
Gel for men attraction ego 25 ml,Ego,Cuidado Personal,7702006204057,Unidad,1,1.0,0
Gel for men ultra fijacion ego 25 ml,Ego,Cuidado Personal,7702006208031,Unidad,1,1.0,0
Gelatina Bebible Naranja Umsha 20 g,Umsha,Abarrotes,7750243069656,Unidad,1,1.5,0
Gelatina Bebible Piña Umsha 20 g,Umsha,Abarrotes,7750243069663,Unidad,1,1.5,0
Gelatina Bebible Umsha Fresa 20 g,Umsha,Abarrotes,7750243069649,Unidad,1,1.5,0
Gelatina Doña Martha sabor chicle 130 g,Doña Martha,Confitería y Golosinas,7756047801140,Unidad,1,3.0,0
Gelatina Fresa Universal 0% azucar 19 gr.,Universal,Abarrotes,7752230867443,Unidad,1,3.5,0
Gelatina Limon Universal 0% azucar 19 gr,Universal,Abarrotes,7752230867450,Unidad,1,3.5,0
GELATINA NARANJA UMSHA 130 G,Umsha,Abarrotes,7750243086486,Unidad,1,3.5,0
Gelatina Naranja Universal 0% azucar 19 gr.,Universal,Abarrotes,7752230986984,Unidad,1,3.5,0
Gelatina Piña Universal 0% azucar 19 gr,Universal,Abarrotes,7752230986991,Unidad,1,3.5,0
Gelatina Royal Cereza 160 g,Royal,Abarrotes,7702133008511,Unidad,1,5.0,0
Gelatina Royal Fresa 160 g,Royal,Abarrotes,7702133008498,Unidad,1,5.0,0
Gelatina Royal Limon 160 g,Royal,Abarrotes,7702133008559,Unidad,1,5.0,0
Gelatina Royal Naranja 160 g,Royal,Abarrotes,7702133008535,Unidad,1,5.0,0
Gelatina Royal Piña 160 g,Royal,Abarrotes,7702133008573,Unidad,1,5.0,0
Gelatina sabor Carambola Umsha x 120 g,Umsha,Abarrotes,7750243082327,Unidad,1,3.5,0
GELATINA SABOR FRESA UMSHA130 G,Umsha,Abarrotes,7750243086462,Unidad,1,3.5,0
GELATINA SABOR LIMON UMSHA 130 G,Umsha,Abarrotes,7750243073516,Unidad,1,3.5,0
GELATINA SABOR PIÑA UMSHA 130 G,Umsha,Abarrotes,7750243073547,Unidad,1,3.5,0
GELATINA SABOR UVA UMSHA 130 G,Umsha,Abarrotes,7750243086509,Unidad,1,3.5,0
Gelatina Universal Fresa 130 gr,Universal,Abarrotes,7752230004428,Unidad,1,3.8,0
Gelatina Universal Limón 130 gr,Universal,Abarrotes,7752230004459,Unidad,1,3.8,0
Gelatina Universal Naranja 130 gr,Universal,Abarrotes,7752230004435,Unidad,1,3.8,0
Gelatina Universal Piña 130 g,Universal,Abarrotes,7752230004442,Unidad,1,3.8,0
Gelatina Universal Uva 130 gr,Universal,Abarrotes,7752230004466,Unidad,1,3.8,0
Gelatina Yopi sabor Naranja x 120 gr,Yopi,Lácteos,7750151009034,Unidad,1,1.5,0
Gelatina Yopi sabor piña   120 gr,Yopi,Lácteos,7750151009041,Unidad,1,1.5,0
Gelatines Platanos Docile 80 gr,Docile,Frutas y Verduras,7896451908810,Unidad,1,2.5,0
Gelatines Unicornio Docile 80 gr.,Docile,Confitería y Golosinas,7896451913869,Unidad,1,2.5,0
Gents Preservativos  3X  x 3 unid.,Gents,Cuidado Personal,7759307012812,Unidad,1,3.5,2
Gents Preservativos Anatomico x 3 unid.,Gents,Cuidado Personal,7759307012744,Unidad,1,3.5,2
Gents Preservativos Clásico x 3 unid.,Gents,Cuidado Personal,7759307012768,Unidad,1,3.5,4
Gents Preservativos Menta x 3 unid.,Gents,Cuidado Personal,7759307012799,Unidad,1,3.5,3
Gents Preservativos Platano x 3 unid.,Gents,Cuidado Personal,7759307012805,Unidad,1,3.5,3
Gents Preservativos Retardante x 3,Gents,Cuidado Personal,7759307012775,Unidad,1,3.5,0
Gillette Prestobarba 3 (X2),Gillette,Cuidado Personal,7500435161244,Unidad,1,7.5,0
Gin Beefeater London London seco 750 ml,Beefeater,Licores y Cervezas,5000329002254,Unidad,1,55.0,0
Gin Beefeater London Sabor blackberry 1 L,Beefeater,Licores y Cervezas,5000299618578,Unidad,1,88.0,0
Gin Beefeater Pink London Dry  75 cl,Beefeater,Licores y Cervezas,5000299618073,Unidad,1,75.0,0
GIN BOMBAY SAPPHIRE LONDON SECO 750 ML,Bombay Sapphire,Licores y Cervezas,7640175740047,Unidad,1,74.0,1
Gin Boticario Sabor blueberry 700 ml,Boticario,Licores y Cervezas,,Unidad,1,95.0,0
GIN BOTICARIO SABOR FRUTOS ROJOS 700 ML,Boticario,Licores y Cervezas,7757408000028,Unidad,1,95.0,1
Gin Boticario Seco 700 ml,Boticario,Licores y Cervezas,,Unidad,1,95.0,0
Gin Gordons London seco 75 cl,Gordon's,Licores y Cervezas,5000289020701,Unidad,1,46.0,1
Gin Tanqueray London Gin 750 ml,Tanqueray,Licores y Cervezas,5000291020706,Unidad,1,72.0,0
GINGER ALE SCHWEPPES GINGER ALE 1.5 L,Schweppes,Bebidas,7750182002196,Unidad,1,7.0,0
GLACITAS CHOCOLATE VICTORIA 32 G,Victoria,Confitería y Golosinas,7750243084147,Unidad,1,1.0,0
GLACITAS CHOCONIEVE VICTORIA 30 G,Victoria,Confitería y Golosinas,7750243084161,Unidad,1,1.0,0
GLACITAS FRESA VICTORIA 32 G,Victoria,Confitería y Golosinas,7750243084109,Unidad,1,1.0,0
GLACITAS TOFFEE VICTORIA 30 G,Victoria,Confitería y Golosinas,7750243084123,Unidad,1,1.0,0
Glade Aromatizador Hawaiian Breeze x 357 g,Glade,Limpieza del Hogar,46500005602,Unidad,1,9.5,0
Glade Aromatizador Mora Radiente x 357 g,Glade,Limpieza del Hogar,7501032930851,Unidad,1,9.5,0
Gloria Base tres leches,Gloria,Lácteos,7751271038393,Unidad,1,6.5,0
Gloria Leche c/ quinua lata 390 gr,Gloria,Lácteos,7751271037402,Unidad,1,4.2,0
"Gloria Leche c/ quinua,kiwicha,cañihua lata 390 gr",Gloria,Lácteos,7751271037419,Unidad,1,4.2,0
Golden Bot. Vidrio 620 ml,Golden,Licores y Cervezas,7753749003544,Unidad,1,54.0,0
GOLDEN LATON SIXPACK 473 ML,Golden,Licores y Cervezas,7753749008655,Unidad,1,24.0,0
Gomas de gelatina flipy Ambrosoli 90 g,Ambrosoli,Confitería y Golosinas,7750885019248,Unidad,1,2.5,0
Gomas Loop Ambrosoli 90 g,Ambrosoli,Confitería y Golosinas,7750885019262,Unidad,1,2.5,0
Gomas Mogul extreme acido Arcor 35 g,Arcor,Confitería y Golosinas,7790580116965,Unidad,1,1.5,0
Gomas Mogul frutales Arcor 35 g,Arcor,Confitería y Golosinas,7790580602000,Unidad,1,1.5,0
Gomita Candy Pizza Trolli x und,Trolli,Confitería y Golosinas,4003084880410,Unidad,1,1.5,0
Gomitas Ambroreino x 90 gr,Ambrosoli,Confitería y Golosinas,7750885025591,Unidad,1,2.5,0
Gomitas Ambrosia 90 gr,Ambrosoli,Confitería y Golosinas,7750885019255,Unidad,1,2.5,0
Gomitas Ambrosito Acido 90 gr.,Ambrosoli,Confitería y Golosinas,7750885023856,Unidad,1,2.5,0
Gomitas aros Trululú 80 g,Trululú,Confitería y Golosinas,7702993048092,Unidad,1,2.5,0
Gomitas Bananos 80 g Trululú,Trululú,Confitería y Golosinas,7702993043868,Unidad,1,2.5,0
Gomitas de gelatina cerditos play Ambrosoli 70 g,Ambrosoli,Confitería y Golosinas,7750885023375,Unidad,1,2.5,0
Gomitas de gelatina ositos Ambrosoli 90 g,Ambrosoli,Confitería y Golosinas,7750885019231,Unidad,1,2.5,0
Gomitas Dentaduras Fini 90 gr,Fini,Confitería y Golosinas,7898279790417,Unidad,1,2.8,0
Gomitas dino Trululú 80 g,Trululú,Confitería y Golosinas,7702993048177,Unidad,1,2.5,0
Gomitas Donas Play 70 gr,Genérico,Confitería y Golosinas,7750885023382,Unidad,1,2.5,0
Gomitas EnaMORAS ambrosoli 70 gr,Ambrosoli,Confitería y Golosinas,7750885023399,Unidad,1,2.5,0
Gomitas Feroz Acidos Trululú 77 g,Trululú,Confitería y Golosinas,7702993045701,Unidad,1,2.5,0
Gomitas Finiburguers 90 g,Genérico,Confitería y Golosinas,7908228804253,Unidad,1,2.8,0
Gomitas Frericas Ambrosoli 90 gr,Ambrosoli,Confitería y Golosinas,7750885023955,Unidad,1,2.5,0
Gomitas fresitas Trululú 80 g,Trululú,Confitería y Golosinas,7702993047583,Unidad,1,2.5,0
Gomitas Gusanos Acidos Fini 90 gr,Fini,Confitería y Golosinas,7898279792039,Unidad,1,2.8,0
Gomitas gusanos acidos Trululú 80 g,Trululú,Confitería y Golosinas,7702993028261,Unidad,1,2.5,0
Gomitas gusanos Trululú 80 g,Trululú,Confitería y Golosinas,7702993048061,Unidad,1,2.5,0
Gomitas Haribo Ositos 35 gr,3 Ositos,Confitería y Golosinas,9002975307857,Unidad,1,2.5,0
Gomitas Huevos Fritos Fini 90 g,Fini,Confitería y Golosinas,7898591451591,Unidad,1,2.8,0
Gomitas Lenguas Trululú 80 gr,Trululú,Confitería y Golosinas,7702993042397,Unidad,1,2.5,0
Gomitas Monstry Trululú 75 gr.,Trululú,Confitería y Golosinas,7702993042403,Unidad,1,2.5,0
Gomitas Moras Fini 90 gr,Fini,Confitería y Golosinas,7898279790431,Unidad,1,2.8,0
Gomitas Neon Trululú 88 gr,Trululú,Confitería y Golosinas,7702993042427,Unidad,1,2.5,0
Gomitas oro Trululú 80 g,Trululú,Confitería y Golosinas,7702993048474,Unidad,1,2.5,0
Gomitas para Chupar Fusion Oka Loka Frambuesa,Genérico,Confitería y Golosinas,7702993019887,Unidad,1,1.0,0
Gomitas para Chupar Fusion Oka Loka Fresa,Genérico,Confitería y Golosinas,7702993019573,Unidad,1,1.0,0
Gomitas sabor frutal casquitos Trululú 80 g,Trululú,Confitería y Golosinas,7702993048108,Unidad,1,2.5,0
Gomitas sabores Trululú 90 g,Trululú,Confitería y Golosinas,7702993028483,Unidad,1,2.5,0
Gomitas sandias acidas Trululú 80 g,Trululú,Confitería y Golosinas,7702993047620,Unidad,1,2.5,0
Gomitas Sirena Trululú 88 gr,Trululú,Confitería y Golosinas,7702993046913,Unidad,1,2.5,0
Gomitas Splash Trululú,Trululú,Confitería y Golosinas,7702993047606,Unidad,1,2.5,0
Gomitas Trululu Aros Mix Acidas 80 gr,Trululú,Confitería y Golosinas,7702993055489,Unidad,1,2.5,0
Gomitas Trululu Mutantes Splash 80 gr,Trululú,Confitería y Golosinas,7702993055502,Unidad,1,2.5,0
Gomitas Trululu Nanos 80 gr.,Trululú,Confitería y Golosinas,7702993055496,Unidad,1,2.5,0
Grageas colores sobre SM 1 und,Genérico,Abarrotes,,Unidad,1,0.5,0
Gran Plus  Minis Perro Cachorro Pollo y Arroz x Kg,Gran Plus,Abarrotes,,Unidad,1,14.0,0
Gran Plus Cachorro Carne y Arroz x Kg,Gran Plus,Abarrotes,,Unidad,1,14.0,2
Gran Plus Gatito Pollo/ Arroz x Kg,Gran Plus,Abarrotes,,Unidad,1,19.0,0
Gran Plus Gato Adulto Pollo y Arroz x Kg,Gran Plus,Abarrotes,,Unidad,1,19.0,0
GRAN PLUS GATO CASTRADO SALMON Y ARROZ X KG,Gran Plus,Abarrotes,,Unidad,1,19.5,0
Gran Plus Minis Perro Adulto  Pollo y Arroz x Kg,Gran Plus,Abarrotes,,Unidad,1,14.0,4
Gran Plus Perro Adulto Pollo y Arroz x Kg,Gran Plus,Abarrotes,,Unidad,1,14.0,2
granadilla x und,Genérico,Frutas y Verduras,,Unidad,1,1.0,0
Granola Con Miel de Abeja 400 gr,Genérico,Abarrotes,5857456002486,Unidad,1,13.0,0
Granola con miel Union x 400 g,Unión,Abarrotes,7752056002486,Unidad,1,13.0,1
Granola con Pasas y Almendras Union 400 gr,Unión,Abarrotes,7752056002509,Unidad,1,14.0,0
Granola Crunchy Union 270 gr,Unión,Abarrotes,7752056002479,Unidad,1,13.0,0
GRANOLA GRANOS ANDINOS 500 G,Genérico,Abarrotes,,Unidad,1,8.5,0
Granola Granos Andinos Union,Unión,Abarrotes,7752056002493,Unidad,1,13.0,1
Granola Mix Mundo Natural x 80 g,Mundo Natural,Abarrotes,7754295000261,Unidad,1,2.0,0
Granola productos andinos 70 g,Genérico,Abarrotes,7751451000035,Unidad,1,2.0,0
Granola Productos Andinos x 200 g,Genérico,Abarrotes,2658945632152,Unidad,1,3.5,0
Grated de atun en aceite vegetal Marinero 140 g,Marinero,Abarrotes,7751158012126,Unidad,1,3.5,0
Grated de atun en aceite vegetal Nicolini 140 g,Nicolini,Abarrotes,7750243072359,Unidad,1,3.5,0
Grated de atun en acite vegetal Fanny 140 g,Fanny,Abarrotes,7750885023726,Unidad,1,4.5,0
Grated de atun en agua Fanny 140 g,Fanny,Bebidas,7750885023719,Unidad,1,4.5,0
Griego Pulpa Frutos Rojos 800 gr.,Genérico,Lácteos,7751271037815,Unidad,1,9.5,0
Grosso Chicle Surtido Arcor,Arcor,Confitería y Golosinas,,Unidad,1,0.3,0
GUANTES  DKASA CORRUGADO L,Dkasa,Limpieza del Hogar,7759918004572,Unidad,1,7.5,0
Guantes  Virutex Corrugado talla L x unid.,Virutex,Limpieza del Hogar,7707173061021,Unidad,1,7.5,0
Guantes Asatex Talla L,Asatex,Limpieza del Hogar,,Unidad,1,3.5,0
Guantes Asatex Talla M,Asatex,Limpieza del Hogar,,Unidad,1,3.5,0
Guantes Asatex Talla S,Asatex,Limpieza del Hogar,,Unidad,1,3.5,0
GUANTES DKASA CORRUGADO M,Dkasa,Limpieza del Hogar,7759918004565,Unidad,1,7.5,0
Guantes Impeke Multiuso interior gamuzado talla M,Impeke,Limpieza del Hogar,7806810116350,Unidad,1,3.5,0
Guantes Nitrilo,Genérico,Limpieza del Hogar,,Unidad,1,16.0,0
Guantes Virutex Corrugado talla M 1 und ud.,Virutex,Limpieza del Hogar,7707173041023,Unidad,1,7.5,0
Guantes Virutex Corrugado talla S 1 und ud.,Virutex,Limpieza del Hogar,7707173021025,Unidad,1,7.5,0
Guarana original Backus 3.01 L,Backus,Bebidas,7753749001649,Unidad,1,7.0,0
Guarana Original Backus 450 ml,Backus,Bebidas,7753749003186,Unidad,1,2.0,0
Guindon sobre SM 1 unidad,Genérico,Abarrotes,,Unidad,1,1.0,5
Guindones a granel x Kg,Genérico,Frutas y Verduras,7751234014709,Unidad,1,25.0,0
Gusanos Acidos Ambrosoli x 90 g,Ambrosoli,Confitería y Golosinas,7750885020046,Unidad,1,2.5,0
Habas fritas a granel x kg,Genérico,Frutas y Verduras,7751234013276,Unidad,1,30.0,0
Hacienda del Abuelo Borgoña 375 ml,Hacienda del Abuelo,Licores y Cervezas,7758584000390,Unidad,1,13.0,0
HACIENDA DEL ABUELO BORGOÑA 750 ML,Hacienda del Abuelo,Licores y Cervezas,7758584000123,Unidad,1,19.0,3
Hacienda del Abuelo Pisco Quebranta 250 ml,Hacienda del Abuelo,Licores y Cervezas,7758584000338,Unidad,1,14.0,0
Hacienda del Abuelo Rose 375 ml,Hacienda del Abuelo,Licores y Cervezas,7758584000406,Unidad,1,13.0,0
HACIENDA DEL ABUELO ROSE 750 ML,Hacienda del Abuelo,Licores y Cervezas,7758584000130,Unidad,1,19.0,0
HACIENDA DEL ABUELO TINTO SEMI SECO 750 ML,Hacienda del Abuelo,Licores y Cervezas,7758584000154,Unidad,1,19.0,0
Halls caramelo barra cereza 10 und,Halls,Confitería y Golosinas,,Unidad,1,1.5,0
Halls Caramelo Barra Extra Fuerte x 9 und,Halls,Confitería y Golosinas,,Unidad,1,1.5,0
Halls Caramelo barra fruit mix 9 und,Halls,Confitería y Golosinas,7622210427199,Unidad,1,1.5,0
Halls caramelo barra limon y miel 9 und,Halls,Confitería y Golosinas,7622201776459,Unidad,1,1.5,0
Halls caramelo barra mentol 10 und,Halls,Confitería y Golosinas,0078938823,Unidad,1,1.5,0
Halls caramelo barra mora azul 9 und,Halls,Confitería y Golosinas,7622210427137,Unidad,1,1.5,0
Halls caramelo barra yerbabuena 9 und,Halls,Confitería y Golosinas,7702133815782,Unidad,1,1.5,0
Hamburg. Pechuga Pollo cajax4 und,Genérico,Embutidos y Fiambres,7755044000105,Unidad,1,9.5,0
Hamburguesa Carne La Casera  San Fernando x Unid.,San Fernando,Embutidos y Fiambres,,Unidad,1,1.3,9
Hamburguesa de Carne La Granjita x und,La Granjita,Embutidos y Fiambres,,Unidad,1,1.5,0
Hamburguesa de Pollo La Granjita x und,La Granjita,Embutidos y Fiambres,,Unidad,1,1.5,0
Hamburguesa Pechuga Pollo Caja x 4 unidades,Genérico,Embutidos y Fiambres,7755044000105,Unidad,1,9.0,0
Hamburguesa Pechuga Pollo rico pollo x und,Rico Pollo,Embutidos y Fiambres,,Unidad,1,1.6,0
Happy Rabbit desgasta Dientes,Happy Rabbit,Mascotas,,Unidad,1,10.0,2
Happy Rabbit Mordedor de Pino,Happy Rabbit,Mascotas,,Unidad,1,10.0,1
Harina Blanca Flor 1 kg,Blanca Flor,Abarrotes,7750243006880,Unidad,1,8.0,0
Harina de soya a granel x kg,Genérico,Abarrotes,7751234013023,Unidad,1,5.0,0
Harina de trigo S/Preparar Nicolini 180 g,Nicolini,Abarrotes,7750243076586,Unidad,1,1.2,0
HARINA FAVORITA S/PREPAR. 180 G,Genérico,Abarrotes,7750243076579,Unidad,1,1.2,0
Harina Inkarepa 1 kg,Inkarepa,Abarrotes,7759473000019,Unidad,1,6.2,0
HARINA PAN BLANCO 1 KG,Genérico,Panadería,7702084137520,Unidad,1,7.0,0
Harina preparada Blanca Flor 1.0 kg,Blanca Flor,Abarrotes,7750243079419,Unidad,1,8.0,0
Harina preparada Molitalia 1.0 kg,Molitalia,Abarrotes,7750885016919,Unidad,1,7.5,0
Harina sin preparar Molitalia 180 g,Molitalia,Abarrotes,7750885016940,Unidad,1,1.2,0
Harina Trigo Especial a granel x kg,Genérico,Abarrotes,7751234012989,Unidad,1,3.5,0
helado  Sublime pote 900 ml,Nestlé,Confitería y Golosinas,7613287905864,Unidad,1,23.0,0
Helado Frio Rico Crocante Caramelo 900 ml,Rico Pollo,Confitería y Golosinas,8445290952769,Unidad,1,26.0,0
Helado Morochas 900 ml,D'Onofrio,Helados y Congelados,8445291078819,Unidad,1,23.0,0
Helado Princesa pote x 900 ml,Genérico,Confitería y Golosinas,8445291078734,Unidad,1,23.0,0
Helado Sublime  x 80 ml,Nestlé,Confitería y Golosinas,8445291483552,Unidad,1,3.0,0
Helado sublime con mani nestle 59 g,Nestlé,Confitería y Golosinas,8445290063977,Unidad,1,3.5,0
Helado Sublime Lúcuma 80 ml,Nestlé,Confitería y Golosinas,8445290715234,Unidad,1,3.0,0
Heno de Pravia Antibacterial 150 gr,Heno de Pravia,Cuidado Personal,7702538111502,Unidad,1,5.5,0
Heno de Pravia Hidratante 150 gr,Heno de Pravia,Cuidado Personal,8410225005568,Unidad,1,5.5,0
Heno de Pravia Original Jabon 150 g,Heno de Pravia,Cuidado Personal,7702538121501,Unidad,1,5.5,0
Hepabionta forte,Hepabionta,Cuidado Personal,,Unidad,1,2.0,24
Hershey's Tableta Cookies n'cream,Hershey's,Confitería y Golosinas,34000702152,Unidad,1,3.5,0
Hershey's Chocolate x 20 g,Hershey's,Confitería y Golosinas,7898292888740,Unidad,1,1.5,0
Hielo Icepack 1 kg,Icepack,Bazar y Otros,7754054509028,Unidad,1,2.5,0
Hielo Icepack 2.5 kg,Icepack,Bazar y Otros,7754054509011,Unidad,1,5.0,0
Hierba Luisa Del Valle 25 und,Del Valle,Abarrotes,7750520000105,Unidad,1,2.5,3
Hierba Luisa Del Valle x und,Del Valle,Abarrotes,,Unidad,1,0.1,85
HIERBA LUISA MC COLINS  25 UND,Mc Colins,Abarrotes,7750477080120,Unidad,1,3.5,0
Hierba Luisa Mc Colins caja 100 und,Mc Colins,Abarrotes,7752285020787,Unidad,1,7.5,0
Hierba Luisa Mc Colins x und,Mc Colins,Abarrotes,,Unidad,1,0.15,0
hilos varios x unidad,Genérico,Bazar y Otros,,Unidad,1,0.2,97
Hisopo Baby Gardy hisopos 100 uni 100 uni,Baby Gardy,Cuidado Personal,7750045270014,Unidad,1,2.0,0
Hisopo Santole hisopos 100 uni 100 uni,Santole,Cuidado Personal,4799020770135,Unidad,1,2.0,0
Hisopo WC Hisopo,Genérico,Cuidado Personal,,Unidad,1,6.5,1
HIT  355ML  TODOS LO SABORES,Genérico,Bebidas,00032025,Unidad,1,5.5,11
HOJA DE AFEITAR GILLETTE 5 UND,Gillette,Cuidado Personal,7500435170932,Unidad,1,2.5,12
Hongos y laurel sobre SM 1 und,Genérico,Abarrotes,,Unidad,1,0.5,0
Hornimans Miel y Limón,Hornimans,Abarrotes,7750632000611,Unidad,1,3.0,0
Hornimans Surtido de Infusiones,Hornimans,Abarrotes,7750632006347,Unidad,1,3.5,0
hot dog ahumado de pollo San Fernando,San Fernando,Embutidos y Fiambres,7750946005647,Unidad,1,4.5,0
hot dog con pollo,Genérico,Embutidos y Fiambres,,Unidad,1,3.0,0
HOT DOG SUIZA X 5 UND  200 GR,Suiza,Embutidos y Fiambres,7750151008570,Unidad,1,3.0,0
HPNOTIQ licor vodka coñac y jugo tropical 750 ml,HPNOTIQ,Licores y Cervezas,736040011064,Unidad,1,95.0,0
Huancaina alacena 85 g,Alacena,Abarrotes,7750243043915,Unidad,1,3.5,0
Huancaina Alacena x 400 g,Alacena,Abarrotes,7750243042932,Unidad,1,12.5,0
Huancaina Walibi 200 gr,Walibi,Abarrotes,7752187001334,Unidad,1,6.5,0
huevito chocolate c/juguete 20 g,Genérico,Confitería y Golosinas,4828699465056,Unidad,1,1.5,0
huevito sorpresa Barbella,Genérico,Confitería y Golosinas,8699462604387,Unidad,1,1.5,0
Huevos a granel x kg,Genérico,Frutas y Verduras,7751234013856,Unidad,1,7.0,0
Huevos por plancha (X30 unid),Genérico,Abarrotes,7751234014525,Unidad,1,16.0,0
Huggies Active Sec XXG,Huggies,Cuidado Personal,7751493008488,Unidad,1,1.4,0
HUGGIES XG,Huggies,Cuidado Personal,7751493008464,Unidad,1,1.2,0
IDEAL PH UNA HOJA 6 ROLLOS,Genérico,Cuidado Personal,7751028000604,Unidad,1,7.0,0
Ilusion de Chocolate La Iberica 110 g,La Ibérica,Confitería y Golosinas,7750060001099,Unidad,1,26.0,0
Imperdibles pequeños Pqt (50 und),Genérico,Bazar y Otros,,Unidad,1,5.0,6
Inca Kola lata 350 ml,Inca Kola,Bebidas,7801610277829,Unidad,1,5.0,0
Inca Kola retornable PET 2 L,Inca Kola,Bebidas,7750236552035,Unidad,1,6.3,0
Inca Kola retornable VR 1 L,Inca Kola,Bebidas,,Unidad,1,4.0,0
Inca Kola S/A 500 ml.,Inca Kola,Bebidas,7750182003322,Unidad,1,2.7,0
INCA KOLA SABOR ORIGINAL 1 L,Inca Kola,Bebidas,7750182003339,Unidad,1,5.5,0
INCA KOLA SABOR ORIGINAL 2.5 L,Inca Kola,Bebidas,7750182007474,Unidad,1,10.5,0
INCA KOLA SABOR ORIGINAL 3 L,Inca Kola,Bebidas,7750236544092,Unidad,1,13.0,0
INCA KOLA SABOR ORIGINAL 600 ML,Inca Kola,Bebidas,7750182006088,Unidad,1,3.5,0
INCA KOLA SIN AZUCAR 300 ML,Inca Kola,Bebidas,7750182003834,Unidad,1,1.6,0
Inca Kola VR 192 ml,Inca Kola,Bebidas,,Unidad,1,1.2,0
Inca Kola VR 296 ml vidrio,Inca Kola,Bebidas,,Unidad,1,1.5,0
Inca Kola VR retornable 1.5 L,Inca Kola,Bebidas,7750182005814,Unidad,1,5.5,0
Incasur galleta frutas confitadas 30 gr,Incasur,Confitería y Golosinas,7750960006316,Unidad,1,1.5,0
incasur galleta quinua menta c/ chispas chocolate,Incasur,Confitería y Golosinas,7750960006323,Unidad,1,1.5,0
Incasur Galleta Quinua y Ajonjoli 30 g,Incasur,Confitería y Golosinas,7750960004473,Unidad,1,1.5,0
incasur galleta quinua y chocolate 30 g,Incasur,Confitería y Golosinas,7750960005449,Unidad,1,1.5,0
incasur galleta quinua y coco rallado 30 g,Incasur,Confitería y Golosinas,7750960004480,Unidad,1,1.5,0
incasur galleta quinua y frutos rojos 30 g,Incasur,Confitería y Golosinas,7750960004497,Unidad,1,1.5,0
Incasur Galletas Naranja 30 gr,Incasur,Confitería y Golosinas,7750960006309,Unidad,1,1.5,0
Incienso surtido (x8),Genérico,Bazar y Otros,,Unidad,1,1.2,0
Inka Chips Jalapeños 135 gr,Inka Chips,Snacks,7750526003001,Unidad,1,7.5,0
Inka Chips Queso & Cebolla 135 gr,Inka Chips,Lácteos,7750526002769,Unidad,1,7.5,0
Innobar Spearmint 7000Puffs 5% NIC,Innobar,Cigarrillos y Vapes,6921426642923,Unidad,1,58.0,0
Innobar Tropical Gummy 7000Puffs 5% NIC,Innobar,Cigarrillos y Vapes,6921426642978,Unidad,1,58.0,0
Intipalka SQ Sauvignon Blanc 750 ml,Intipalka,Licores y Cervezas,7758218000413,Unidad,1,32.0,0
Jabon Bolivar Cuidado bebes y niños 190 gr,Bolívar,Cuidado Personal,7750243081566,Unidad,1,3.2,0
JABON BOLIVAR FLORAL CUIDADO TOTAL 190 GR,Bolívar,Cuidado Personal,7750243079990,Unidad,1,3.0,0
Jabon Bolivar Limon nueva imagen 190g,Bolívar,Cuidado Personal,7750243080729,Unidad,1,3.2,0
Jabon Camay botanicals clasico 125 g,Camay,Cuidado Personal,7891150044500,Unidad,1,3.8,0
Jabon Camay botanicals jazmin 125 g,Camay,Cuidado Personal,7891150066250,Unidad,1,3.8,0
Jabon Camay botanicals jazmin 85 g,Camay,Cuidado Personal,7891150066267,Unidad,1,3.0,0
Jabon Camay botanicals rosas francesas 125 g,Camay,Cuidado Personal,7891150066243,Unidad,1,3.8,0
Jabon de Tocador F.D. Antibact. Frutos Rojos 400 ml,Family Doctor,Cuidado Personal,7750045136884,Unidad,1,5.5,0
Jabón de tocador family doctor frescura cítrica 400 ml,Family Doctor,Cuidado Personal,7750045136921,Unidad,1,5.5,1
Jabón de tocador family doctor suave vainilla 400 ml,Family Doctor,Cuidado Personal,7750045136907,Unidad,1,5.5,1
Jabon Dove Antibacterial x 90 g,Dove,Cuidado Personal,7891150075382,Unidad,1,4.0,0
Jabon Dove Anti-Stress Micelar x 90 g,Dove,Cuidado Personal,7891150057470,Unidad,1,4.0,0
Jabon Dove Indulgente x 90 g,Dove,Cuidado Personal,7891150034075,Unidad,1,4.0,0
Jabon Dove karite x 90 g,Dove,Cuidado Personal,7891150019560,Unidad,1,4.0,0
Jabon Dove Original x 90 g,Dove,Cuidado Personal,7898422746759,Unidad,1,4.0,0
Jabon Dove Piel Sensible 90 g,Dove,Cuidado Personal,7891150095618,Unidad,1,4.0,0
Jabon Dove revigorizante x 90 g,Dove,Cuidado Personal,7891150043923,Unidad,1,4.0,0
Jabón Glicerina Aloe Vera Bel Natur 90 gr,Bel Natur,Cuidado Personal,7750465004671,Unidad,1,3.5,0
Jabon Glicerina Avena Bel Natur 90 gr.,Bel Natur,Abarrotes,7750465010047,Unidad,1,3.5,0
Jabon Glicerina Miel Bel Natur 90 gr,Bel Natur,Cuidado Personal,7750465004657,Unidad,1,3.5,0
Jabón Glicerina Natural Bel Natur 90 gr,Bel Natur,Cuidado Personal,7750465004626,Unidad,1,3.5,0
Jabon Glicerina Rosa Mosqueta Bel Natur 90 gr.,Bel Natur,Cuidado Personal,7750465004688,Unidad,1,3.5,0
Jabón Glicerina Rosas y Limón 110 gr,Genérico,Cuidado Personal,7750073003585,Unidad,1,3.5,0
Jabon Johnsons Adulto Original x 110 g,Johnson's,Cuidado Personal,7702031414346,Unidad,1,4.0,0
Jabon Johnsons Adulto Remueve Bacterias x 110 g,Johnson's,Cuidado Personal,7702031858997,Unidad,1,4.0,0
Jabon Johnsons Almendras y Avena 110 g,Johnson's,Abarrotes,7702031407362,Unidad,1,4.0,0
Jabon Johnsons Baby Glicerinado Miel x 80 g,Johnson's,Cuidado Personal,7891010035976,Unidad,1,4.5,0
Jabon Johnsons Original 110 g,Johnson's,Cuidado Personal,7702031414346,Unidad,1,4.0,0
Jabon Liq. Aval Frutos Rojos 800 ml,Aval,Cuidado Personal,7750243080200,Unidad,1,8.5,0
Jabón Liquido Antibact. Family Doctor 1 lt,Family Doctor,Cuidado Personal,7750045136709,Unidad,1,10.5,0
Jabon Liquido Aval Anitbacterial mágica vainilla 800 ml,Aval,Cuidado Personal,7751851024587,Unidad,1,8.5,0
Jabon Liquido Aval Antibacterial pasión cítrica 800 ml,Aval,Cuidado Personal,7751851028011,Unidad,1,8.5,0
Jabon Liquido Aval Lavanda Francesa 800 ml,Aval,Cuidado Personal,7750243080408,Unidad,1,8.5,0
Jabon Liquido Petalos de Rosas Aval 800 ml,Aval,Cuidado Personal,7750243080392,Unidad,1,8.5,0
Jabon Neko Aloe x 110 g,Neko,Cuidado Personal,7702031245223,Unidad,1,4.2,0
Jabon Neko Avena x 110 g,Neko,Abarrotes,7702031245254,Unidad,1,4.2,0
Jabon Neko Extra Suavex 110 g,Neko,Cuidado Personal,7702031245315,Unidad,1,4.2,0
Jabon Neko Extraproteccion x 110 g,Neko,Cuidado Personal,7702031245285,Unidad,1,4.2,0
Jabón Palmolive Frescura Nutrit. Mandarina-Romero 110 gr,Palmolive,Cuidado Personal,7509546690261,Unidad,1,4.0,0
Jabon Palmolive naturals exfoliacion diaria 110 g,Palmolive,Cuidado Personal,7509546677019,Unidad,1,4.0,0
Jabon Palmolive naturals frescura purificante 110 g,Palmolive,Cuidado Personal,7509546676951,Unidad,1,4.0,0
Jabon Palmolive naturals humectacion refrescante 110 g,Palmolive,Cuidado Personal,7509546676920,Unidad,1,4.0,0
Jabon Palmolive Naturals Nutricion Humectante 110 g,Palmolive,Cuidado Personal,7509546676982,Unidad,1,4.0,0
Jabon Palmolive naturals nutricion renovadora 110 g,Palmolive,Cuidado Personal,7509546683652,Unidad,1,4.0,0
Jabon Palmolive naturals renovacion intensa 110 g,Palmolive,Cuidado Personal,7509546677002,Unidad,1,4.0,0
Jabon Protex avena prebiotico 110 g,Protex,Abarrotes,7702010420337,Unidad,1,4.2,0
Jabon Protex Chico Avena x 75 g,Protex,Abarrotes,7702010420153,Unidad,1,3.0,0
Jabon Protex fresh 110 g,Protex,Cuidado Personal,7702010420344,Unidad,1,4.2,0
Jabon Protex herbal 110 g,Protex,Cuidado Personal,7702010420382,Unidad,1,4.2,0
Jabon Protex Limpieza Profunda 110 g,Protex,Cuidado Personal,7702010420467,Unidad,1,4.2,0
Jabon Protex macadamia nutri protec 110 g,Protex,Cuidado Personal,7702010420917,Unidad,1,4.2,0
Jabón Protex Men Sports 110 gr,Protex,Cuidado Personal,7702010102660,Unidad,1,4.2,0
Jabon Trome Encanto Floral x 190 g,Trome,Cuidado Personal,7750243080446,Unidad,1,2.0,0
Jabon Trome Fresco Limon x 190 g,Trome,Cuidado Personal,7750243080453,Unidad,1,2.0,0
Jabonera kelita colores 1 und,Kelita,Cuidado Personal,7753107691987,Unidad,1,1.5,4
JACK DANIELS WHISKEY N° 7  750 ML,Jack Daniel's,Licores y Cervezas,082184090466,Unidad,1,87.0,1
Jagermeister 1 L,Jägermeister,Licores y Cervezas,4067700017222,Unidad,1,65.0,0
JAGERMEISTER 700 ML,Jägermeister,Licores y Cervezas,4067700015327,Unidad,1,50.0,2
Jamon Americano Suiza 100 g,Suiza,Embutidos y Fiambres,7750151003995,Unidad,1,3.5,0
Jamon Duw endiablado 115 g,Genérico,Embutidos y Fiambres,7591072002441,Unidad,1,10.0,0
Jamon Pizzero Rico x 500 gr,Rico Pollo,Embutidos y Fiambres,7755044001522,Unidad,1,9.8,0
Jamonada Casero de pollo Rico x 85 g,Rico Pollo,Embutidos y Fiambres,7755044002062,Unidad,1,2.0,0
Jamonada con Pollo Rico Pollo 100 g,Rico Pollo,Embutidos y Fiambres,7755044001904,Unidad,1,2.5,0
Jamonada con Pollo Rico Pollo 200 g,Rico Pollo,Embutidos y Fiambres,7755044001911,Unidad,1,4.0,0
jamonada de pavia San Fernando,San Fernando,Embutidos y Fiambres,7750946002325,Unidad,1,2.0,0
JAMONADA DE POLLO SAN FERNANDO 85 G,San Fernando,Embutidos y Fiambres,7750946007542,Unidad,1,2.5,0
Jamonada de pollo Suiza 100 g,Suiza,Embutidos y Fiambres,7750151670647,Unidad,1,2.8,0
JAMONADA RENDIDORA SUIZA 85 GR,Suiza,Embutidos y Fiambres,7750151008884,Unidad,1,1.5,0
Jamoneta 20 % + San Fernando 120 gr,San Fernando,Embutidos y Fiambres,7750946007429,Unidad,1,1.8,0
Jamoneta pollo San Fernando 85 gr,San Fernando,Embutidos y Fiambres,7750946004534,Unidad,1,1.8,0
Jarabe de Goma Viña Santa 750 ml,Genérico,Licores y Cervezas,7751738002448,Unidad,1,10.0,0
Jarabe de Goma Wislan 750 ml,Wislan,Licores y Cervezas,7755723000037,Unidad,1,10.0,1
Jarabe de Granadina Wislan 750 ml,Wislan,Licores y Cervezas,7755723000051,Unidad,1,10.0,0
Jet Vainilla Paleta Donofrio 53.9 g,D'Onofrio,Helados y Congelados,8445291217331,Unidad,1,2.5,0
JOSE CUERVO TEQUILA AGAVE AZUL (BLANCO) X 750 ML,Jose Cuervo,Licores y Cervezas,7501035042322,Unidad,1,60.0,0
JOSE CUERVO TEQUILA REPOSADO 750 ML,Jose Cuervo,Licores y Cervezas,7501035010109,Unidad,1,60.0,0
Jugo Gloria Durazno 200 ml. TTP,Gloria,Bebidas,7751271032063,Unidad,1,1.5,0
Jugo Gloria Durazno Tetrapack 500 ml,Gloria,Bebidas,7751271033350,Unidad,1,2.5,0
JUGO GLORIA DURAZNO TETREPACK 1 L,Gloria,Bebidas,7751271038409,Unidad,1,4.5,0
Jugo Gloria Durazno TTPK 1.5 lt,Gloria,Bebidas,7751271032186,Unidad,1,6.0,0
JUGO GLORIA MANGO TETRTAPACK 1 LT,Gloria,Bebidas,7751271038416,Unidad,1,4.5,0
JUGO GLORIA MARACUYÁ TETRAPACK 1 L,Gloria,Bebidas,7751271038423,Unidad,1,4.5,0
Jugo Gloria Naranja 200 ml TTP,Gloria,Bebidas,7751271037976,Unidad,1,1.5,0
JUGO GLORIA NARANJA TETRAPACK 1 L,Gloria,Bebidas,7751271038430,Unidad,1,4.5,0
Jugo Gloria Naranja TTPK 1.5 lt,Gloria,Bebidas,7751271032209,Unidad,1,6.0,0
Jugo Gloria Piña  200 ml TTP,Gloria,Bebidas,7751271037983,Unidad,1,1.5,0
JUGO GLORIA PIÑA TETRAPACK 1 L,Gloria,Bebidas,7751271038447,Unidad,1,4.5,0
Jugo Gloria Surtido x 500 ml,Gloria,Bebidas,7751271035637,Unidad,1,2.8,0
Jugo Pulp TTPK Durazno 250 ml,Pulp,Bebidas,7750670015141,Unidad,1,1.5,0
Jugo Watt's Naranja x 946 ml,Watt's,Bebidas,7750341000810,Unidad,1,5.0,0
JUGO WATT'S DURAZNO TETRAPACK  946 ML,Watt's,Bebidas,7750341000834,Unidad,1,4.8,0
JUGO WATT'S MANGO TETRAPACK 946 ML,Watt's,Bebidas,7750341000827,Unidad,1,4.8,0
Jugo Watt's Naranja tetrapack 1 l,Watt's,Bebidas,7750341000582,Unidad,1,4.5,0
JUGO WATT'S PERA TETRAPACK  946 ML,Watt's,Bebidas,7750341000841,Unidad,1,4.8,0
Jugo Watt's Pera tetrapack 1lt,Watt's,Bebidas,7750341000605,Unidad,1,4.5,0
Juguetes Surtidos Mascota x und,Genérico,Mascotas,,Unidad,1,0.0,0
Karamanduka las torres 24 und,Las Torres,Panadería,,Unidad,1,1.0,0
Karamanduka X 5,Karamanduka,Confitería y Golosinas,,Unidad,1,1.5,0
Keke marmoleado Bimbo 380 g,Bimbo,Panadería,7750727005651,Unidad,1,9.0,0
Keke naranja Bimbo 380 g,Bimbo,Panadería,7750727005668,Unidad,1,9.0,0
Kekito Todinno 55 g,Todinno,Panadería,7750885024280,Unidad,1,2.5,0
Kero Aloe sabor piña 300 ml,Kero,Bebidas,7751731004500,Unidad,1,3.0,0
Kero Aloe sabor uva 300 ml,Kero,Bebidas,7751731003909,Unidad,1,3.0,0
KETCHUP A LA CENA 200 GR,Genérico,Abarrotes,7750243071406,Unidad,1,5.5,0
Ketchup alacena 100 g,Alacena,Abarrotes,7750243003070,Unidad,1,3.5,0
Ketchup Alpesa 8 g,Alpesa,Abarrotes,,Unidad,1,0.4,0
Ketchup libbys 100 g,Libby's,Abarrotes,7752187001365,Unidad,1,3.0,0
Ketchup libbys 190 g,Libby's,Abarrotes,7752187001372,Unidad,1,4.0,0
Ketchup libbys 8 g,Libby's,Abarrotes,,Unidad,1,0.4,0
Ketchup Walibi 8 gr,Walibi,Abarrotes,,Unidad,1,0.4,0
Kion Molido Batan 14 g,Batán,Abarrotes,7750552000517,Unidad,1,1.0,16
Kion x unidad,Genérico,Abarrotes,7751234013900,Unidad,1,0.6,0
Kirma Clasico 7 gr.,Kirma,Abarrotes,8445291676183,Unidad,1,1.0,0
Kirma Clasico instant. 15 g,Kirma,Abarrotes,7613039587874,Unidad,1,2.3,0
Kisses Cookies and cream 74 gr.,Hershey's,Confitería y Golosinas,7751158008235,Unidad,1,10.5,0
Kisses Corazón Cookies 102 gr.,Hershey's,Confitería y Golosinas,7751158010771,Unidad,1,15.5,0
Kisses Milk Chocolate 74 gr.,Hershey's,Confitería y Golosinas,7751158008242,Unidad,1,10.5,0
Kitkat chocolate Nestle 41.5 g,Nestlé,Confitería y Golosinas,7891000280959,Unidad,1,4.0,0
KITKAT HELADO SABOR TOFFEE DONOFRIO 67.7 G,D'Onofrio,Confitería y Golosinas,8445292270007,Unidad,1,5.0,0
Kiwifresh Chichafresh 2 Lt,Kiwifresh,Bebidas,7750796000243,Unidad,1,4.5,0
Kiwifresh Chichafresh 400 ml,Kiwifresh,Bebidas,7750796001127,Unidad,1,1.0,0
Kiwifresh Durazno 2 Lt,Kiwifresh,Bebidas,7750796000830,Unidad,1,4.5,0
Kiwifresh Durazno 3 Lt,Kiwifresh,Bebidas,7750796000977,Unidad,1,6.5,0
Kiwifresh Fresa 400 ml,Kiwifresh,Bebidas,7750796001141,Unidad,1,1.0,0
Kiwifresh Granadilla 400 ml,Kiwifresh,Bebidas,7750796001134,Unidad,1,1.0,0
Kiwifresh Lemonfresh bebida 400 ml,Kiwifresh,Bebidas,7750796001387,Unidad,1,1.0,0
Kiwifresh Manzana Pera 400 ml,Kiwifresh,Bebidas,7750796001158,Unidad,1,1.0,0
kiwifresh sabor durazno kf 400 ml,Kiwifresh,Bebidas,7750796001165,Unidad,1,1.0,0
Kleenex Paño Facial x 10 und,Kleenex,Cuidado Personal,7702425546059,Unidad,1,1.2,0
KOLA ESCOCESA 1.5 L,Kola Escocesa,Bebidas,7751184000210,Unidad,1,7.0,0
Kola Escocesa 2.26 L,Kola Escocesa,Bebidas,7751184000135,Unidad,1,9.0,0
Kola Escocesa 440 ml,Kola Escocesa,Bebidas,7751184000067,Unidad,1,2.8,0
Kola Escocesa 600 ml,Kola Escocesa,Bebidas,7751184159642,Unidad,1,3.8,0
Kolita KR  350 ml,Kola Real,Bebidas,7750670018838,Unidad,1,1.0,0
kolita KR 1.70 Lt,Kola Real,Bebidas,7750670019873,Unidad,1,7.0,0
Kolynos Super blanco 60 ml,Kolynos,Cuidado Personal,7509546651705,Unidad,1,3.3,0
Kolynos Super blanco grande 100 ml,Kolynos,Cuidado Personal,7509546651712,Unidad,1,5.5,0
Komodo Energy Canabis x 250 ml,Komodo,Bebidas,5902854102396,Unidad,1,6.5,0
KOTEX TH NORMAL EXTRA SUAVE X 10 UND,Kotex,Cuidado Personal,7751493011310,Unidad,1,4.0,0
KR Cola 2.lt,Kola Real,Bebidas,7751731000328,Unidad,1,5.5,0
KR Fresa 1 L,Kola Real,Bebidas,7751731002537,Unidad,1,3.0,0
KR Fresa 3 lt,Kola Real,Bebidas,7751731000984,Unidad,1,8.0,0
KR Fresa 350 ml,Kola Real,Bebidas,7751731006306,Unidad,1,1.0,0
KR Guarana 400 ml,Kola Real,Bebidas,,Unidad,1,1.0,0
KR ISM Uva x 350 ml,Kola Real,Bebidas,7751731006931,Unidad,1,1.0,0
KR Kola  1.5 lt,Kola Real,Bebidas,7751731005781,Unidad,1,4.0,0
KR Kola 350 ml,Kola Real,Bebidas,7751731006283,Unidad,1,1.0,0
KR Limon 350 ml,Kola Real,Bebidas,7751731006313,Unidad,1,1.0,0
KR MaracuMango 350 ml,Kola Real,Bebidas,7751731007396,Unidad,1,1.0,4
KR Naranja 350 ml,Kola Real,Bebidas,7751731006320,Unidad,1,1.0,0
KR Negra 1 L,Kola Real,Bebidas,7751731002490,Unidad,1,3.0,0
KR Negra 2 Lt,Kola Real,Bebidas,7751731000328,Unidad,1,5.5,0
KR NEGRA 3 L,Kola Real,Bebidas,7751731000939,Unidad,1,8.0,0
KR Piña 1 L,Kola Real,Bebidas,7751731002520,Unidad,1,3.0,0
KR piña 1.5 lt,Kola Real,Bebidas,7751731005798,Unidad,1,4.0,0
KR Piña 2 Lt,Kola Real,Bebidas,7751731000359,Unidad,1,5.5,0
KR Piña 3 L,Kola Real,Bebidas,7751731000960,Unidad,1,8.0,0
KR Piña 350 ml,Kola Real,Bebidas,7751731006290,Unidad,1,1.0,0
KR Piña x 2 Lt,Kola Real,Bebidas,7751731000359,Unidad,1,5.5,0
KR Uva 350 ml,Kola Real,Bebidas,7750670017770,Unidad,1,1.0,0
Kraks mani oriental granuts 25 g,Genérico,Snacks,7702007082043,Unidad,1,1.0,0
KRETEK MARLBORO MENTA X 20 UND,Marlboro,Cigarrillos y Vapes,7751201000667,Unidad,1,1.5,0
KRETEK MINT MARLBORO (CANELA) 20 UND,Marlboro,Cigarrillos y Vapes,0077544575,Unidad,1,1.5,0
Kris Citrus punch 350 ml,Kris,Bebidas,7751731006597,Unidad,1,1.0,0
Kris Citrus Punch 500 ml,Kris,Bebidas,7751731007051,Unidad,1,1.5,0
Kris Durazno punch 350 ml,Kris,Bebidas,7751731006610,Unidad,1,1.0,0
Kris Manzana 500 ml,Kris,Bebidas,7751731007082,Unidad,1,1.5,0
Kris Manzana ism 350 ml,Kris,Bebidas,7751731006573,Unidad,1,1.0,0
Kris Red punch 350 ml,Kris,Bebidas,7751731006603,Unidad,1,1.0,0
Kris Tropical punch 350 ml,Kris,Bebidas,7751731006580,Unidad,1,1.0,0
Kris Tropical punch 500 ml,Kris,Bebidas,7751731007099,Unidad,1,1.5,0
La Botija Pisco Italia+Shot 750 ml,La Botija,Licores y Cervezas,7750533001557,Unidad,1,34.0,0
La Botija Pisco Quebranta+Shot 750 ml,La Botija,Licores y Cervezas,7750533001540,Unidad,1,34.0,0
La Danesa Margarina x 500 g,La Danesa,Lácteos,8719200193659,Unidad,1,8.5,0
Lacito  und.,Genérico,Panadería,,Unidad,1,1.5,0
Lady soft normal c/ alas x unid ( paq. x 60 ),Ladysoft,Cuidado Personal,7759185006217,Unidad,1,0.5,0
Ladysoft Maxi Pro Nocturna 10 und,Ladysoft,Cuidado Personal,7759185010542,Unidad,1,7.5,5
Ladysoft Nocturna normal 10 und,Ladysoft,Cuidado Personal,7759185007917,Unidad,1,6.5,0
Ladysoft Normal tela suave 10 und,Ladysoft,Cuidado Personal,7759185003674,Unidad,1,4.0,0
Laive Queso Sandwich 90 g,Laive,Lácteos,7750151007160,Unidad,1,4.5,0
Laive Swis margarina 200 g,Laive,Lácteos,7750151006231,Unidad,1,5.0,1
Laive Swis margarina 90 g,Laive,Lácteos,7750151006217,Unidad,1,3.0,0
LAPICERO ARTESCO TRIMAX-35F,Artesco,Bazar y Otros,7750082067769,Unidad,1,1.0,0
Lata Paté Babycan,Babycan,Mascotas,7753176000567,Unidad,1,6.0,0
Lata Pate Perro Canbo Adulto Recuperacion x 330 g,Canbo,Mascotas,7753176006422,Unidad,1,12.0,1
Lata Pate Perro Canbo Cachorro x 330 g,Canbo,Mascotas,7753176002684,Unidad,1,12.0,0
Lata Pate Ricocan Carne 330 gr,Ricocan,Mascotas,7753176005098,Unidad,1,6.0,0
Lata Pate Ricocan Cordero 330 gr,Ricocan,Mascotas,7753176005104,Unidad,1,6.0,0
Lata Pate Ricocan Pollo 330 gr,Ricocan,Mascotas,7753176005081,Unidad,1,6.0,0
Lata Pate Ricocat Higado y pollo 330 gr.,Ricocat,Mascotas,7753176005135,Unidad,1,6.0,0
Lata Pate Ricocat Pavo e Higado 330 gr,Ricocat,Mascotas,7753176005111,Unidad,1,6.0,0
Lata Pate Ricocat Sardina y Pollo 330 gr,Ricocat,Abarrotes,7753176005128,Unidad,1,6.0,0
Laurel sobre SM 1 und,Genérico,Abarrotes,,Unidad,1,0.5,0
Lavavajilla  Limón Lavax 850,Lavax,Limpieza del Hogar,7861036793679,Unidad,1,6.0,0
Lavavajilla Ayudin 520 gr,Ayudín,Limpieza del Hogar,7500435149952,Unidad,1,6.0,0
Lavavajilla Ayudin Liq. 215 ml,Ayudín,Limpieza del Hogar,7759918006187,Unidad,1,5.5,0
Lavavajilla Ayudin liquido 280 ml,Ayudín,Limpieza del Hogar,7759918006194,Unidad,1,5.5,0
Lavavajilla Ayudin Liquido 900 ml,Ayudín,Limpieza del Hogar,,Unidad,1,14.0,0
LAVAVAJILLA AYUDIN PASTA 750 G,Ayudín,Limpieza del Hogar,7759918006330,Unidad,1,7.5,0
Lavavajilla en Pasta 520 gr,Genérico,Limpieza del Hogar,7759918006408,Unidad,1,6.0,0
Lavavajilla Lavax Aloe  850 g,Lavax,Limpieza del Hogar,7861036793082,Unidad,1,7.0,0
Lavavajilla Lavax Avena 850 g,Lavax,Abarrotes,7861036793129,Unidad,1,7.0,0
Lavavajilla Lavax Pasta Rosada 175 g,Lavax,Limpieza del Hogar,7861036713417,Unidad,1,2.0,0
Lavavajilla Lavax Pasta verde 175 g,Lavax,Limpieza del Hogar,7861036713400,Unidad,1,2.0,0
Lavavajilla Lavax Pasta verde 850 g,Lavax,Limpieza del Hogar,7861036793099,Unidad,1,7.0,0
Lavavajilla Lavax Uva 850 gr,Lavax,Limpieza del Hogar,7861036793112,Unidad,1,7.0,0
Lavavajilla Liq. Sapolio 500 ml,Sapolio,Limpieza del Hogar,7751851026468,Unidad,1,6.0,0
LAVAVAJILLA LIQUIDO SAPOLIO LIMON X 300 ML,Sapolio,Limpieza del Hogar,7751851010726,Unidad,1,5.0,0
Lavavajilla Liquido Sapolio Manzana 500 ml,Sapolio,Limpieza del Hogar,7750243067355,Unidad,1,6.0,0
Lavavajilla Liquido Sapolio Manzana 750 ml,Sapolio,Limpieza del Hogar,7751851010788,Unidad,1,9.5,0
Lavavajilla Sapolio 1250 ml,Sapolio,Limpieza del Hogar,7751851026512,Unidad,1,12.0,0
LAVAVAJILLA SAPOLIO 200 GR,Sapolio,Limpieza del Hogar,7750243077712,Unidad,1,2.0,0
Lavavajilla Sapolio Limon x 1K,Sapolio,Limpieza del Hogar,7751851003599,Unidad,1,7.5,0
Lavavajilla Sapolio Pasta limon 175 g,Sapolio,Limpieza del Hogar,,Unidad,1,2.0,0
LAVAVAJILLA SAPOLIO PASTA LIMÓN 330 GR,Sapolio,Limpieza del Hogar,7750243077729,Unidad,1,3.0,0
LAVAVAJILLA SAPOLIO PASTA LIMÓN 800 G,Sapolio,Limpieza del Hogar,7750243067898,Unidad,1,7.0,0
Lays Artesanas alitas BBQ 130 gr.,Frito Lay's,Snacks,7702189059789,Unidad,1,7.5,0
Lays Artesanas BBQ 66 gr.,Frito Lay's,Snacks,7702189059680,Unidad,1,2.0,0
Lays Onda Mayonesa x 41 g,Frito Lay's,Snacks,7758574006364,Unidad,1,1.8,0
Lays Onda Picante 140 g,Frito Lay's,Snacks,7758574005176,Unidad,1,8.0,0
Leche Bonle Cremosa 390 g,Bonlé,Lácteos,7751271034227,Unidad,1,3.5,0
Leche Bonle Defensis 155 g,Bonlé,Lácteos,7751271033893,Unidad,1,1.2,0
Leche Bonle Defensis lata 390 g,Bonlé,Lácteos,7751271034265,Unidad,1,2.5,0
Leche Bonle Familiar lata 390 g,Bonlé,Lácteos,7751271035552,Unidad,1,3.0,0
Leche Condensada Doypack Nestle x 180 G,Nestlé,Lácteos,8445291633001,Unidad,1,4.5,0
Leche Condensada Gloria doypack 200 g,Gloria,Lácteos,7751271021678,Unidad,1,4.2,0
Leche condensada Gloria DOypack x 90 g,Gloria,Lácteos,7751271028189,Unidad,1,3.2,0
Leche Condensada Gloria lata 393 g,Gloria,Lácteos,7751271024679,Unidad,1,6.0,0
Leche Condensada Nestle 100 g,Nestlé,Lácteos,7702024002826,Unidad,1,3.8,0
Leche Condensada Nestle 393 g,Nestlé,Lácteos,8445290227027,Unidad,1,7.0,0
Leche Corporal Nivea C/aceite Oliva,Nivea,Lácteos,4005808584888,Unidad,1,15.4,0
Leche en polvo La Campiña 900 g,La Campiña,Lácteos,7591014011661,Unidad,1,21.0,0
Leche Entera Gloria Bolsa x 800 ml,Gloria,Lácteos,7751271036245,Unidad,1,5.0,0
Leche Gloria Bolsa 900 ml,Gloria,Lácteos,7751271033190,Unidad,1,5.0,0
Leche Gloria Chocolate tetrapack 946 ml,Gloria,Lácteos,7751271036320,Unidad,1,6.3,0
Leche Gloria Entera en polvo instantanea 96 g,Gloria,Lácteos,7751271021913,Unidad,1,4.5,0
LECHE GLORIA ENTERA TETRAPACK 1 L,Gloria,Lácteos,7751271036290,Unidad,1,6.0,0
Leche Gloria Entera Tetrapack x 1.5 Lt,Gloria,Lácteos,7751271032797,Unidad,1,7.5,0
Leche Gloria Evaporada Entera Morada x 390 g,Gloria,Lácteos,7751271034111,Unidad,1,4.0,0
Leche Gloria Lata azul 390 g,Gloria,Lácteos,7751271034081,Unidad,1,4.0,0
Leche Gloria Lata azul pequeña 170 g,Gloria,Lácteos,7751271032667,Unidad,1,2.2,0
Leche Gloria Light lata 390 g,Gloria,Lácteos,7751271034135,Unidad,1,4.2,0
Leche Gloria Light lata pequeña 170 g,Gloria,Lácteos,7751271032681,Unidad,1,2.5,0
Leche Gloria Light Roja Bls x 900 ml,Gloria,Lácteos,7751271028370,Unidad,1,5.5,0
Leche Gloria Light tetrapack 1 L,Gloria,Lácteos,7751271019552,Unidad,1,5.8,0
Leche Gloria Light Zero Lactosa 390 gr,Gloria,Lácteos,7751271038263,Unidad,1,4.2,0
Leche Gloria Niños lata 390 g,Gloria,Lácteos,7751271034159,Unidad,1,4.2,0
Leche Gloria Niños lata pequeña 170 g,Gloria,Lácteos,7751271032919,Unidad,1,2.5,0
LECHE GLORIA NIÑOS TETRAPACK 1 L,Gloria,Lácteos,7751271036337,Unidad,1,6.3,0
Leche Gloria slim Triple zero tetrapack 1 L,Gloria,Lácteos,7751271034043,Unidad,1,6.3,0
Leche Gloria Zero lacto lata pequeña 170 g,Gloria,Lácteos,7751271033640,Unidad,1,2.5,0
Leche Gloria Zero lactosa lata 390 g,Gloria,Lácteos,7751271034180,Unidad,1,4.2,0
LECHE GLORIA ZERO LACTOSA TETRAPACK 1 L,Gloria,Lácteos,7751271036313,Unidad,1,6.3,0
Leche Holandesa,Genérico,Lácteos,8716200680936,Unidad,1,4.0,0
Leche Ideal Cremosita 390 g,Ideal,Lácteos,8445290401182,Unidad,1,4.0,0
Leche Laive Bioalmendra 946 ml,Laive,Lácteos,7750151008082,Unidad,1,10.5,0
Leche Laive Biococo 946 ml,Laive,Lácteos,7750151008099,Unidad,1,10.5,0
Leche Laive Entera tetrapack 946 ml,Laive,Lácteos,7750151008679,Unidad,1,5.5,0
Leche Laive Lista para diluir bolsitarro 390 g,Laive,Lácteos,7750151008174,Unidad,1,3.5,0
Leche Laive Practitarro 390 g,Laive,Lácteos,7750151008921,Unidad,1,4.3,0
Leche Laive Sin Lactosa botella 390 g,Laive,Lácteos,7750151008945,Unidad,1,4.3,0
LECHE LAIVE SIN LACTOSA TETRAPACK 946 ML,Laive,Lácteos,7750151008662,Unidad,1,5.5,0
LECHE LIGHT SIN LACTOSA LAIVE BOT.390 GR,Laive,Lácteos,7750151008150,Unidad,1,4.8,0
Leche sabor chocolate bolsa gloria 900 ml,Gloria,Lácteos,7751271028394,Unidad,1,5.0,0
LECHE SABOR CHOCOLATE LAIVE 946 ML,Laive,Lácteos,7750151008655,Unidad,1,6.0,0
Leche Soy vida Soya lata 390 g,Soy Vida,Lácteos,7751271034326,Unidad,1,3.0,0
Leche Soy Vida TTP x 1 Lt,Soy Vida,Lácteos,7751271030786,Unidad,1,5.5,0
Leche Vigor Natural Bls 800 ml,Vigor,Lácteos,7750632006026,Unidad,1,4.6,0
Lechuga Hidropónica unidad,Genérico,Frutas y Verduras,,Unidad,1,3.0,0
Lejía Clorox 319 ml,Clorox,Limpieza del Hogar,7756641007016,Unidad,1,1.3,0
Lejia Clorox Cloro 638 ml,Clorox,Limpieza del Hogar,7756641003872,Unidad,1,2.0,0
Lejia Clorox Ropa Quitamanchas colores vivos 835 ml,Clorox,Limpieza del Hogar,7756641006798,Unidad,1,5.5,2
Lejia Clorox Tradicional 324 ml,Clorox,Limpieza del Hogar,7756641003865,Unidad,1,1.3,0
LEJIA CLOROX TRADICIONAL 668 G,Clorox,Limpieza del Hogar,7756641007177,Unidad,1,2.1,0
Lejia Opal Quitamanchas ropa color 265 ml,Opal,Limpieza del Hogar,7750243075978,Unidad,1,2.5,0
Lejía Sapolio 5 kg,Sapolio,Limpieza del Hogar,7751851027021,Unidad,1,10.0,0
Lejia Sapolio Cloro 1.16 kg,Sapolio,Limpieza del Hogar,7750243074094,Unidad,1,3.5,0
Lejia Sapolio Cloro 790 g,Sapolio,Limpieza del Hogar,7750243082259,Unidad,1,2.0,0
Lengua de suegra x und,Genérico,Bazar y Otros,,Unidad,1,1.5,0
Lenteja Baby Paisana 500 gr,Paisana,Abarrotes,7755139001994,Unidad,1,6.5,2
Lenteja bb a granel x kg,Genérico,Abarrotes,7751234013047,Unidad,1,7.0,0
LENTEJITAS CAJA NESTLE 30 G,Nestlé,Confitería y Golosinas,7613035196865,Unidad,1,2.2,0
Lentejon a granel x kg,Genérico,Frutas y Verduras,7751234013092,Unidad,1,7.0,0
Lentejon Costeño bolsa x 500 gr,Costeño,Bazar y Otros,7755139271410,Unidad,1,6.8,0
Levadura sobre SM 1 und,Genérico,Abarrotes,,Unidad,1,0.5,0
Licor D'fiesta Blu 2 L,D'fiesta,Licores y Cervezas,,Unidad,1,10.0,0
Licor D'fiesta Maracuya 2 L,D'fiesta,Licores y Cervezas,,Unidad,1,10.0,0
Licor D'fiesta Mora 2 L,D'fiesta,Licores y Cervezas,,Unidad,1,10.0,0
Limon a granel x kg,Genérico,Frutas y Verduras,7751234013931,Unidad,1,4.5,0
Limpiador Antibacterial Lavanda Virutex x 900 ml,Virutex,Limpieza del Hogar,7759998006107,Unidad,1,0.0,0
Limpiador Santiago Gamuza 1 und,Santiago,Limpieza del Hogar,7750034001278,Unidad,1,4.0,2
Limpiatodo Queen Antibact. Bambu 900 ml,Queen,Limpieza del Hogar,745853997984,Unidad,1,2.7,0
limpiatodo Queen Antibact. Bebe 900 ml,Queen,Limpieza del Hogar,745853998158,Unidad,1,2.7,0
Limpiatodo Queen Antibact. Queen 1 galón,Queen,Limpieza del Hogar,745853998103,Unidad,1,10.0,0
Limpiatodo Queen Antibact.Coco 900 ml,Queen,Limpieza del Hogar,745853998042,Unidad,1,2.7,1
LIMPIATODO SAPOLIO AROMA BEBE 900 ML,Sapolio,Limpieza del Hogar,7751851000819,Unidad,1,3.62,0
LIMPIATODO SAPOLIO AROMA COCO TROPICAL 900 ML,Sapolio,Limpieza del Hogar,7750243081191,Unidad,1,3.2,0
Limpiatodo Sapolio Aroma floral 900 ml,Sapolio,Limpieza del Hogar,7750243081177,Unidad,1,3.2,0
LIMPIATODO SAPOLIO AROMA LAVANDA 900 ML,Sapolio,Limpieza del Hogar,7750243081184,Unidad,1,3.2,0
LIMPIATODO SAPOLIO AROMA LIMON X 900 ML,Sapolio,Limpieza del Hogar,7751851000796,Unidad,1,3.2,0
Limpiatodo Sapolio Aroma Manzana x 900 ml,Sapolio,Limpieza del Hogar,7751851000765,Unidad,1,3.2,0
LIMPIATODO SAPOLIO AROMA MELÓN 900 ML,Sapolio,Limpieza del Hogar,7750243066747,Unidad,1,3.5,0
Limpiatodo Sapolio Rosas 900 ml,Sapolio,Limpieza del Hogar,7751851011082,Unidad,1,3.2,0
Limpiavidrios multiusos Sapolio 500 ml,Sapolio,Limpieza del Hogar,7751851003964,Unidad,1,4.5,0
Linaza a granel x kg,Genérico,Abarrotes,7751234024821,Unidad,1,12.0,0
linaza SM x unid.,Genérico,Abarrotes,,Unidad,1,0.5,26
Lipstick Surtido Portugal SPF 30 x und,Portugal,Cuidado Personal,,Unidad,1,6.5,0
Loa 2.5,Loa,Bebidas,7751731004449,Unidad,1,3.0,0
Loa 750 ml,Loa,Bebidas,7751731007044,Unidad,1,1.5,0
Loa Agua C/Gas 625 ml.,Loa,Bebidas,7751731006771,Unidad,1,1.0,0
Loa Agua S/G 200 ml,Loa,Bebidas,7751731007006,Unidad,1,0.5,0
Loa Agua Sin Gas 625 ml,Loa,Bebidas,7751731004418,Unidad,1,1.0,0
Loa Bidón 7 lt,Loa,Bebidas,7751731004456,Unidad,1,8.0,0
Loa Sabor Limon x 625 ml,Loa,Bebidas,7751731006825,Unidad,1,1.3,0
LOA SABOR MANZANA 625 ML,Loa,Bebidas,7751731007112,Unidad,1,1.3,0
Loa sabor Piña 625 ml,Loa,Bebidas,7751731006818,Unidad,1,1.3,0
Locion desmaquillante Pons Clarant B3 x 200 ml.,Genérico,Cuidado Personal,7501056346270,Unidad,1,0.0,0
Lopets Creamy Snack Salmon gatos 60gr,Lopets,Mascotas,7709751207593,Unidad,1,11.0,2
Lopets Creamy Snack Seafood,Lopets,Mascotas,7709751207500,Unidad,1,11.0,2
Lopets Creamy Snack Verdel gatos 60gr,Lopets,Mascotas,7709751207586,Unidad,1,11.0,0
Los Arboles  Malbec x 750 ml,Los Árboles,Licores y Cervezas,7791250000935,Unidad,1,35.0,0
Los Arboles Cavernet Sauvignon x 750 ml,Los Árboles,Licores y Cervezas,7791250000942,Unidad,1,35.0,0
Los Arboles Chardonnay x 750 ml,Los Árboles,Licores y Cervezas,7791250000959,Unidad,1,35.0,0
Los Arboles Red Blend x 750 ml,Los Árboles,Licores y Cervezas,7791250003257,Unidad,1,35.0,0
Lucky Azul Big Chill  20 und,Lucky Strike,Cigarrillos y Vapes,0077557698,Unidad,1,1.5,0
Lucky Azul Big Chill x10,Lucky Strike,Cigarrillos y Vapes,0077564818,Unidad,1,13.0,0
Lucky Crush Naranja  x 10 unid,Lucky Strike,Frutas y Verduras,0077564801,Unidad,1,13.0,0
Lucky Crush Naranja 20 und,Lucky Strike,Frutas y Verduras,0077556981,Unidad,1,1.5,0
Lucky Double Chill Menta 20 und,Lucky Strike,Cigarrillos y Vapes,0077561725,Unidad,1,1.5,0
Lucky Fresh Twist Sandia 20 und,Lucky Strike,Frutas y Verduras,0077557018,Unidad,1,1.5,0
Lucky Fresh Twist Sandia x 10 unid.,Lucky Strike,Frutas y Verduras,0077564795,Unidad,1,13.0,0
Lucky Strike Blue 20 und,Lucky Strike,Cigarrillos y Vapes,0077529305,Unidad,1,1.2,0
Lucky Strike Blue x 10 und,Lucky Strike,Cigarrillos y Vapes,0077539274,Unidad,1,10.5,0
Lucky Wild Mix Mora 20 und,Lucky Strike,Cigarrillos y Vapes,0077556974,Unidad,1,1.5,0
Lucky Wild Mix Mora x 10 unid.,Lucky Strike,Cigarrillos y Vapes,0077564788,Unidad,1,13.0,0
M&M  Peanut But.46 gr,M&M's,Confitería y Golosinas,40000001447,Unidad,1,4.5,0
M&M Leche / chocolate 47.9 gr,Genérico,Lácteos,40000514480,Unidad,1,4.5,0
M&M Peanut 49.3 g,M&M's,Confitería y Golosinas,40000514510,Unidad,1,4.5,0
Maicena a granel x kg,Genérico,Abarrotes,7751234013061,Unidad,1,6.0,0
Maicena Universal 180 gr.,Universal,Abarrotes,7752230001199,Unidad,1,2.8,0
Maiz cabanita a granel x kg,Genérico,Abarrotes,7751234013283,Unidad,1,8.0,0
MAIZ DULCE ENLATADO MEI WEI  425 GR.,Mei Wei,Abarrotes,6935897632581,Unidad,1,6.8,0
MAIZ POPCORN VALLENORTE 500 G,Vallenorte,Abarrotes,7754725000625,Unidad,1,5.0,0
Maiz Santo Tomas a granel,Genérico,Abarrotes,,Unidad,1,0.0,0
Maiz tostado a granel x kg,Genérico,Abarrotes,7751234013146,Unidad,1,30.0,0
Maizena Duryea 100 g,Duryea,Abarrotes,7752285104814,Unidad,1,2.5,0
Maizena Duryea caja 110 g,Duryea,Abarrotes,7752285007795,Unidad,1,2.5,0
MALTIN POWER 330 ML,Maltin Power,Bebidas,77531704,Unidad,1,1.5,0
Mandarina a granel x kg,Genérico,Frutas y Verduras,7751234013641,Unidad,1,3.6,0
Mandioca a granel x kg,Genérico,Frutas y Verduras,7751234013153,Unidad,1,8.0,0
Mango a granel x kg,Genérico,Frutas y Verduras,7751234013665,Unidad,1,3.0,0
Mani con pasas a granel x kg,Genérico,Abarrotes,7751234013245,Unidad,1,30.0,0
Mani confitado a granel x kg,Genérico,Abarrotes,7751234013252,Unidad,1,30.0,0
Maní Crocante Salado Karinto 35 gr,Karinto,Abarrotes,7758574004209,Unidad,1,1.5,0
Mani pelado sobre SM 1 und,Genérico,Abarrotes,,Unidad,1,0.5,0
Maní picante Karinto 35 gr,Karinto,Abarrotes,7758574004179,Unidad,1,1.5,0
Mani salado a granel x kg,Genérico,Abarrotes,7751234013269,Unidad,1,30.0,0
MANIAK 500ML TODOS LOS SABORES,Maniak,Licores y Cervezas,00032025,Unidad,1,7.5,0
Manjar blanco Blanquito B.V. 900 g,B.V.,Lácteos,7753992000161,Unidad,1,10.5,1
Manjar blanco casero B.V. 200 g,B.V.,Lácteos,7753992000291,Unidad,1,4.8,0
MANJAR BLANCO ESPECIAL AREQUIPEÑO B.V. 900 G,B.V.,Lácteos,7750151009904,Unidad,1,10.5,0
Manjar Musa,Genérico,Lácteos,7751819000165,Unidad,1,3.5,0
Manjarblanco Bonle 200 g,Bonlé,Lácteos,7751271029940,Unidad,1,4.5,0
Manteca vegetal Palma Tropical 200 g,Palma Tropical,Abarrotes,7750672554242,Unidad,1,3.0,0
Mantequilla C/ Sal  Laive 90 gr.,Laive,Lácteos,7750151009607,Unidad,1,6.5,0
Mantequilla Gloria c/sal 180 g,Gloria,Lácteos,7751271033770,Unidad,1,11.5,0
MANTEQUILLA GLORIA C/SAL 50 G,Gloria,Lácteos,7751271031646,Unidad,1,4.0,0
Mantequilla Gloria c/sal 90 g,Gloria,Lácteos,7751271031653,Unidad,1,6.5,0
Mantequilla Gloria c/sal Pote x 390 g,Gloria,Lácteos,7751271031080,Unidad,1,20.5,0
Mantequilla Gloria s/sal 180gr,Gloria,Lácteos,7751271033787,Unidad,1,11.5,0
Mantequilla Laive c/sal 100 g,Laive,Lácteos,7750151222006,Unidad,1,6.5,0
Mantequilla Laive c/sal 180 g,Laive,Lácteos,7750151007597,Unidad,1,12.0,0
Mantequilla Pampacolca 250 g,Pampacolca,Lácteos,,Unidad,1,5.5,0
Manty Margarina Clasica 300 g,Manty,Lácteos,7750243052054,Unidad,1,5.5,0
MANTY MARGARINA CLASICA 90 G,Manty,Lácteos,77558688,Unidad,1,2.6,0
Manzana Delicia a Granel,Genérico,Frutas y Verduras,,Unidad,1,4.6,0
Manzana Roja a granel,Genérico,Frutas y Verduras,,Unidad,1,9.0,0
Manzana verde a granel x kg,Genérico,Frutas y Verduras,7751234013634,Unidad,1,8.8,0
Manzanilla Del Valle 25 und,Del Valle,Abarrotes,7750520000068,Unidad,1,2.5,0
Manzanilla Del Valle x UND,Del Valle,Abarrotes,,Unidad,1,0.1,0
Manzanilla Herby 1 und,Herby,Abarrotes,,Unidad,1,0.15,0
Manzanilla Hornimans 25 uni,Hornimans,Abarrotes,7750632000420,Unidad,1,2.5,0
MANZANILLA MC COLINS X 25 UND,Mc Colins,Abarrotes,7750477080083,Unidad,1,3.5,0
Máquina de afeitar Gillete Prestobara 2 hojas 1 und,Gillette,Cuidado Personal,7891051026780,Unidad,1,1.8,0
Máquina de afeitar Gillete Prestobarba 3,Gillette,Cuidado Personal,7702018880409,Unidad,1,4.5,0
MÁQUINA DE AFEITAR GILLETE ULTRAGRIP 1 UND,Gillette,Cuidado Personal,7500435154437,Unidad,1,3.5,0
Máquina de afeitar Gillete Venus suave con aloe vera 1 und,Gillette,Cuidado Personal,7702018072439,Unidad,1,4.5,0
Máquina de afeitar Schick Quattro 4 titanium 1 und,Schick,Cuidado Personal,4891228530136,Unidad,1,4.5,0
Máquina de afeitar Schick Xtreme 3 piel sensible 1 und,Schick,Cuidado Personal,7591066701015,Unidad,1,3.8,0
Maracuya a granel x Kg,Genérico,Frutas y Verduras,,Unidad,1,4.0,0
Maracuyá a granel x Kg,Genérico,Frutas y Verduras,,Unidad,1,6.2,0
Margarina Sello de Oro 45 g,Sello de Oro,Lácteos,,Unidad,1,1.5,0
Margarina Sello de Oro Barra 200 gr,Sello de Oro,Lácteos,7750243049573,Unidad,1,4.5,0
Margarina Sello de Oro barra 90 g,Sello de Oro,Lácteos,7750243044301,Unidad,1,2.6,0
MARGARINA SELLO DE ORO POTE 200 G,Sello de Oro,Lácteos,7750243052047,Unidad,1,6.0,0
MARGARITA SAYON 41 G,Sayón,Confitería y Golosinas,7750243085410,Unidad,1,1.0,0
MARGARITA TACO SAYÓN 124 GR,Sayón,Confitería y Golosinas,7750243085090,Unidad,1,2.2,0
MARLBORO SANDÍA X 20 UND,Marlboro,Cigarrillos y Vapes,7751201001039,Unidad,1,1.5,0
Marquesitas Coco 42 g,Genérico,Confitería y Golosinas,7750243053891,Unidad,1,1.0,0
Marquesitas Naranja 42 g,Genérico,Confitería y Golosinas,7750243053877,Unidad,1,1.0,0
Marsella Lavanda y Rosas 140 gr,Marsella,Limpieza del Hogar,7750243079877,Unidad,1,1.7,1
Marshmellows Corazon Fini 90 gr,Fini,Confitería y Golosinas,7898279794521,Unidad,1,2.8,0
Masa Pizza Tasaico,Tasaico,Panadería,,Unidad,1,6.0,0
Masmelos rellenos de caramelo Trululú 50 g,Trululú,Confitería y Golosinas,7702993044834,Unidad,1,2.5,0
Masmelos Rellenos Franki  Trululú 50 gr,Trululú,Confitería y Golosinas,7702993049617,Unidad,1,2.5,0
Matamosca Coaspa con crio 1 und,Coaspa,Limpieza del Hogar,7750077763577,Unidad,1,1.5,4
Mate de Coca Del Valle 25 und,Del Valle,Abarrotes,7750520000198,Unidad,1,3.5,0
Mate de Coca Del Valle x UND,Del Valle,Abarrotes,,Unidad,1,0.15,75
Matico Del Valle 25 und,Del Valle,Abarrotes,7750520000457,Unidad,1,3.5,2
MAYONESA ALA CENA 235 GR,Alacena,Abarrotes,7750243083805,Unidad,1,7.5,0
Mayonesa alacena 190 g,Alacena,Abarrotes,7750243046107,Unidad,1,7.5,0
Mayonesa alacena 475 gr.,Alacena,Abarrotes,7750243046114,Unidad,1,13.0,0
Mayonesa Alacena 50 g,Alacena,Abarrotes,7750243078771,Unidad,1,2.0,0
Mayonesa alacena 8 g,Alacena,Abarrotes,,Unidad,1,0.4,22
Mayonesa alacena 95 g,Alacena,Abarrotes,7750243046091,Unidad,1,3.5,0
Mayonesa Alacena x 850 g,Alacena,Abarrotes,7750243072366,Unidad,1,18.5,0
Mayonesa Alpesa 350 g,Alpesa,Abarrotes,7750243077019,Unidad,1,7.5,0
Mayonesa Libby's 190 gr,Libby's,Abarrotes,7752187002799,Unidad,1,6.5,0
Mayonesa Libbys 380 gr,Libby's,Abarrotes,7752187001426,Unidad,1,8.5,0
Mayonesa libbys 8 gr,Libby's,Abarrotes,,Unidad,1,0.4,0
Mayonesa libbys 85 g,Libby's,Abarrotes,7752187001402,Unidad,1,3.0,0
Mayonesa Walibi 100 gr,Walibi,Abarrotes,7752187000900,Unidad,1,2.8,0
Mayonesa Walibi 200 g,Walibi,Abarrotes,7752187000306,Unidad,1,4.5,0
Mayopalta walibi 200 g,Walibi,Limpieza del Hogar,7752187001143,Unidad,1,6.5,0
Mazamorra de Piña Universal 150 g,Universal,Abarrotes,7752230004152,Unidad,1,3.2,0
Mazamorra Durazno Umsha 125 g,Umsha,Abarrotes,7750243073585,Unidad,1,3.0,0
Mazamorra Durazno Umsha 150 g,Umsha,Abarrotes,7750243069403,Unidad,1,3.0,0
MAZAMORRA MORADA UMSHA 125 G,Umsha,Abarrotes,7750243073561,Unidad,1,3.0,0
MAZAMORRA PIÑA UMSHA 125 G,Umsha,Abarrotes,7750243073578,Unidad,1,3.0,0
MC COLINS RELAJANTE X 12 BOLS.,Mc Colins,Abarrotes,8720608001507,Unidad,1,3.5,0
Mecano Costa 19 g,Costa,Confitería y Golosinas,7750885002554,Unidad,1,1.0,0
Mega Galletas Coco Union 195 gr.,Unión,Confitería y Golosinas,7752056001649,Unidad,1,5.5,0
Mega galletas Integrales Coco 195 gr.,Unión,Confitería y Golosinas,7752056001601,Unidad,1,5.5,0
Mega Galletas Integrales Kiwicha 195 gr.,Unión,Confitería y Golosinas,7752056001625,Unidad,1,5.5,0
Mega Galletas Integrales Naranja,Unión,Confitería y Golosinas,7752056001618,Unidad,1,5.5,0
Mega Galletas Naranja Union 195 gr.,Unión,Confitería y Golosinas,7752056001632,Unidad,1,5.5,0
Meli Angel 130 g,Ángel,Abarrotes,7758071002098,Unidad,1,3.5,0
Melon a Granel,Genérico,Frutas y Verduras,,Unidad,1,2.5,0
MENTA MUÑA DEL VALLE X 25 UND,Del Valle,Abarrotes,7750520000365,Unidad,1,3.5,0
Menta Muña Del Valle x UND,Del Valle,Abarrotes,,Unidad,1,0.15,0
Mentholatum lata 5 g,Mentholatum,Cuidado Personal,,Unidad,1,3.5,3
Mentos Air Action Caramelos masticables,Mentos,Confitería y Golosinas,0075071615,Unidad,1,1.5,0
Mentos Fresa  Caramelos masticables,Mentos,Confitería y Golosinas,0075068325,Unidad,1,1.5,0
Mentos Frutas Caramelos masticables,Mentos,Confitería y Golosinas,0075068318,Unidad,1,1.5,1
Mentos Lemonade Caramelos masticables,Mentos,Confitería y Golosinas,0075073183,Unidad,1,1.5,0
MENTOS MENTA CARAMELOS MASTICABLES,Mentos,Confitería y Golosinas,75068271,Unidad,1,1.5,0
Mentos Tutti Frutti,Mentos,Confitería y Golosinas,0075068264,Unidad,1,1.5,0
Mermelada de Fresa Compass Barril x 1 Kg,Compass,Abarrotes,7751158001755,Unidad,1,13.5,0
Mermelada de Fresa Silvia x 500 g,Genérico,Abarrotes,7759215176392,Unidad,1,7.0,0
Mermelada de Naranja Compass Barril x 1 Kr,Kola Real,Abarrotes,7751158010108,Unidad,1,13.5,0
Mermelada de Piña Compass Barril x 1 Kg,Compass,Abarrotes,7751158010115,Unidad,1,13.5,0
Mermelada Gloria 290 gr,Gloria,Abarrotes,7751271034579,Unidad,1,5.5,0
Mermelada Gloria Fresa 90 g,Gloria,Abarrotes,7751271034593,Unidad,1,2.0,0
Mermelada Silvia Aguaymanto x  500 g,Silvia,Abarrotes,7759215000468,Unidad,1,8.0,0
MERMELADA SILVIA ARANDANO 500 G,Silvia,Abarrotes,7759215000635,Unidad,1,10.5,0
Mermelada Silvia Arandano x 250,Silvia,Abarrotes,7759215000765,Unidad,1,6.0,0
Mermelada Silvia Durazno 250 gr,Silvia,Abarrotes,7759215345354,Unidad,1,4.8,0
Mermelada Silvia Durazno 500 g,Silvia,Abarrotes,7759215176415,Unidad,1,7.3,0
Mermelada Silvia Fresa 250 gr,Silvia,Abarrotes,7759215213868,Unidad,1,4.8,0
Mermelada Silvia Guayaba 250 g,Silvia,Abarrotes,7759215000291,Unidad,1,4.8,0
Mermelada Silvia Guayaba 500 gr,Silvia,Abarrotes,7759215000284,Unidad,1,7.0,0
Mermelada Silvia Higo 250 g,Silvia,Abarrotes,7759215345385,Unidad,1,4.8,0
Mermelada Silvia Higo 500 g,Silvia,Abarrotes,7759215176446,Unidad,1,7.0,0
Mermelada Silvia Membrillo 250 g,Silvia,Abarrotes,7759215345361,Unidad,1,4.8,0
Mermelada Silvia Membrillo 500 g,Silvia,Abarrotes,7759215176422,Unidad,1,7.0,0
Mermelada Silvia Naranja 250 gr,Silvia,Abarrotes,7759215345378,Unidad,1,4.8,0
Mermelada Silvia Naranja 500 g,Silvia,Abarrotes,7759215176439,Unidad,1,7.0,0
Mermelada Silvia Papaya Arequipeña 250 g,Arequipeña,Licores y Cervezas,7759215345347,Unidad,1,5.2,0
Mermelada Silvia Papaya Arequipeña x 500 g,Arequipeña,Licores y Cervezas,7759215176408,Unidad,1,7.5,0
Mermelada Silvia Piña 250 gr,Silvia,Abarrotes,7759215345392,Unidad,1,4.8,0
Mermelada Silvia Piña 500 g,Silvia,Abarrotes,7759215213851,Unidad,1,7.0,0
Mermelada Silvia Pote Fresa x 500 g,Silvia,Abarrotes,7759215176460,Unidad,1,9.5,0
Mermelada Silvia Pote Fresa x 550 g,Silvia,Abarrotes,7759215176460,Unidad,1,9.5,0
Mermelada Silvia Pote Membrillo x 550 g,Silvia,Abarrotes,7759215345484,Unidad,1,9.5,0
Mermelada Silvia Pote Papaya Arequipeña x 550 g,Arequipeña,Licores y Cervezas,7759215148856,Unidad,1,10.0,0
Mermelada Silvia Sauco 250 g,Silvia,Abarrotes,7759215345408,Unidad,1,6.0,0
Mermelada Silvia Sauco x 500 g,Silvia,Abarrotes,7759215448222,Unidad,1,10.5,0
Mex Crema de Tequila Mango 700 ml,Genérico,Licores y Cervezas,8410774017005,Unidad,1,68.0,0
Mex Crema de Tequila Maracuya 700 ml,Genérico,Licores y Cervezas,8410774017111,Unidad,1,68.0,0
Mezcla Lactea sin lactosa Laive 480 gr,Laive,Lácteos,7750151007221,Unidad,1,4.3,0
Mezcla lista p/apanar apanado ajinomix 96 g,Ajinomoto,Abarrotes,7754487002424,Unidad,1,3.0,0
Mezcla lista p/apanar crocante ajinomix 96 g,Ajinomoto,Abarrotes,7754487002592,Unidad,1,3.0,0
Michicat Gato Adulto x Kg,Michicat,Mascotas,,Unidad,1,7.5,0
Miel de Abeja Baez 500 gr,Báez,Abarrotes,7750478630010,Unidad,1,27.0,3
Mijo a granel x KG,Genérico,Frutas y Verduras,,Unidad,1,9.5,0
MIKES LATA 473 ML TODOS LOS SABORES,Mike's,Licores y Cervezas,00022025,Unidad,1,7.0,0
Mil Hojas Divaldi,Divaldi,Panadería,,Unidad,1,1.5,0
Milanesa San Fernando x und,San Fernando,Embutidos y Fiambres,,Unidad,1,2.5,0
Milky Chocolate con Almendras 50 g,La Ibérica,Confitería y Golosinas,7750060003291,Unidad,1,6.5,0
Milky Chocolate Frambuesa La iberica 50 g,La Ibérica,Confitería y Golosinas,7750060003345,Unidad,1,8.0,0
Milky chocolate iberica 50 g,La Ibérica,Confitería y Golosinas,7750060576832,Unidad,1,6.0,0
Milky pecana y pasas iberica 50 g,La Ibérica,Abarrotes,7750060003314,Unidad,1,8.0,0
Milky sin azucar iberica 50 g,La Ibérica,Abarrotes,7750060003208,Unidad,1,7.0,0
MilkyWay Barra Chocolate rellena 52.2 g,Milky Way,Confitería y Golosinas,40000602040,Unidad,1,4.5,0
Millows masmelos Blanco Colombina 145 gr,Colombina,Confitería y Golosinas,7702011075611,Unidad,1,4.0,0
MILLOWS MASMELOS CARITAS COLOMBINA 145 GR,Colombina,Confitería y Golosinas,7702011075628,Unidad,1,4.5,0
Millows masmelos Corazones Colombina 145 gr,Colombina,Confitería y Golosinas,7702011075253,Unidad,1,4.0,0
Millows masmelos fogata colombina 145 gr,Colombina,Confitería y Golosinas,7702011088024,Unidad,1,4.0,0
Millows masmelos surtido colombina 145 g,Colombina,Confitería y Golosinas,7702011075291,Unidad,1,4.0,0
Milo  Lata 380 gr,Nestlé,Abarrotes,,Unidad,1,25.0,0
Milo 17 g,Nestlé,Abarrotes,8445290241382,Unidad,1,1.3,0
Milo 48 g,Nestlé,Abarrotes,8445291850118,Unidad,1,3.0,0
Milo Acitv-Go Doypack 350 gr,Nestlé,Abarrotes,8445290241788,Unidad,1,17.0,1
Mimaskot Adulto Rz Medianas/Grandes x 1 Kg,Mimaskot,Mascotas,7750885013321,Unidad,1,9.0,0
Mimaskot Adulto Rz Pequeña x Kg,Mimaskot,Mascotas,,Unidad,1,8.0,0
Mimaskot Cachorro Rz Pequeña x Kg,Mimaskot,Mascotas,,Unidad,1,8.0,1
MINI BON O BON 8 GR,Arcor,Confitería y Golosinas,,Unidad,1,0.6,0
MINI CHIPS AHOY X 50 G,Nabisco,Confitería y Golosinas,7750168000697,Unidad,1,1.7,0
Mini Choco Panetón  80 gr Costa,Genérico,Confitería y Golosinas,7750885020770,Unidad,1,4.5,0
Mini Chocolate Surtido Nestle,Nestlé,Confitería y Golosinas,,Unidad,1,28.0,0
MINI CUA CUA FIELD 47.6 G,Field,Confitería y Golosinas,7622202818967,Unidad,1,1.8,0
Mini milky iberica 20 g,La Ibérica,Confitería y Golosinas,7750060001204,Unidad,1,3.0,0
Mini milky S/A La Iberica 20 gr,La Ibérica,Confitería y Golosinas,7750060002027,Unidad,1,4.0,0
Mini Ritz x 50 g,Nabisco,Confitería y Golosinas,7622202014765,Unidad,1,1.5,0
MINISANDWICH VAINILLA DONOFRIO 31 G,D'Onofrio,Helados y Congelados,7613034577894,Unidad,1,1.8,0
Miski Crema de pisco frutos secos 750 ml,Miski,Licores y Cervezas,7750921000018,Unidad,1,43.0,0
Miskisimo 7 semillas 23 g,Miski,Licores y Cervezas,7754487002530,Unidad,1,1.3,0
Miskisimo Chocolate en polvo 14 g,Miski,Licores y Cervezas,7754487003070,Unidad,1,1.0,6
Mix de hojuelas Bucky snacks 30 g,Bucky,Snacks,798190242224,Unidad,1,1.0,0
Mix Frutos Secos sobres,Genérico,Abarrotes,,Unidad,1,2.0,0
Mix hojuelas bucky 170 g,Bucky,Snacks,798190202525,Unidad,1,7.0,0
Mix Laive vaso Fresa Choc. crujiente,Laive,Lácteos,7750151003773,Unidad,1,3.5,0
MIX YOGURT LAIVE SABOR VAINILLA/ BOLITAS CHOCOLATE 100 GR,Laive,Lácteos,7750151003766,Unidad,1,3.5,0
Mix Yogurt Lavie sabor vainilla c/bolitas de colores 100 g,Genérico,Lácteos,7750151003797,Unidad,1,3.5,0
Mixturas La Iberica 220 g,La Ibérica,Confitería y Golosinas,7750060001235,Unidad,1,32.0,0
Mochila Transportador Gato,Genérico,Mascotas,,Unidad,1,52.0,3
Mogul Moras 50 gr.,Arcor,Confitería y Golosinas,7790580131272,Unidad,1,2.0,0
Mogul Osito Extreme 55 GR,Arcor,Confitería y Golosinas,7790580415792,Unidad,1,2.0,0
Mogul Sandía extreme 80 gr.,Arcor,Confitería y Golosinas,7790580424602,Unidad,1,3.0,0
Mogul Sandía extreme acido dulce 50 g,Arcor,Confitería y Golosinas,7790580129347,Unidad,1,2.0,0
Mogul Tubitos Extreme x 70g,Arcor,Confitería y Golosinas,7790580140434,Unidad,1,2.8,0
Mondadientes,Genérico,Bazar y Otros,6925416515211,Unidad,1,1.5,0
MONSTER ENERGY CLASICO 473 ML,Monster Energy,Bebidas,070847010500,Unidad,1,8.0,0
Monster Energy Mango Loco 473 ml,Monster Energy,Bebidas,70847038672,Unidad,1,8.0,0
Monster Energy Sin Azucar Ultra Paradise 473 ml,Monster Energy,Bebidas,70847895459,Unidad,1,8.0,0
MONSTER ENERGY ULTRA S/AZUC. 473 ML,Monster Energy,Bebidas,070847026693,Unidad,1,8.0,0
Morochas 30 g,D'Onofrio,Helados y Congelados,7613035963948,Unidad,1,1.2,0
Morochas taco  75 gr.,D'Onofrio,Helados y Congelados,7613036335942,Unidad,1,2.6,0
Mortadela de Pollo Naturave x 200 g,Naturave,Embutidos y Fiambres,7755044000044,Unidad,1,4.0,0
Mortadela de pollo Rico Pollo x 100 gr,Rico Pollo,Embutidos y Fiambres,7755044000822,Unidad,1,2.5,10
MORTADELA ESPECIAL OTTO KUNZ 100 G,Otto Kunz,Embutidos y Fiambres,7750302739513,Unidad,1,4.2,0
Mostaza alacena 100 g,Alacena,Abarrotes,7750243049559,Unidad,1,3.5,0
Mostaza Alpesa 1 Kg,Alpesa,Abarrotes,,Unidad,1,6.0,2
Mostaza libbys 100 g,Libby's,Abarrotes,7752187001440,Unidad,1,3.0,0
MOSTAZA LIBBYS 200 G,Libby's,Abarrotes,7752187001457,Unidad,1,5.0,0
Mostaza Libbys 8 gr,Libby's,Abarrotes,,Unidad,1,0.4,0
Mostaza sachet Alpesa 8 g,Alpesa,Abarrotes,,Unidad,1,0.4,0
Mostaza sachet libbys 8 g,Libby's,Abarrotes,,Unidad,1,0.4,0
Mote Cusqueño Salado Bucky x 24 g,Bucky,Snacks,798190249148,Unidad,1,1.0,0
Mote cuzqueño picante bucky 24 gr,Bucky,Snacks,798190249186,Unidad,1,1.0,0
Mozzarella Braedt 200 gr,Braedt,Lácteos,7752346007207,Unidad,1,10.5,0
Mozzarella Gloria 250 g,Gloria,Lácteos,7751271037679,Unidad,1,11.0,0
MR. MUSCULO COCINA X 500 ML.,Mr. Músculo,Limpieza del Hogar,7790520155245,Unidad,1,7.2,0
Nachos Clasicos Bucky 38 g,Bucky,Snacks,798190249124,Unidad,1,1.0,0
Nachos picantes bucky 220 g,Bucky,Snacks,7756383000344,Unidad,1,7.5,0
Nachos Picantes Bucky 360g,Bucky,Snacks,798190256115,Unidad,1,1.0,0
Nachos sabor a queso Bucky snacks 180 g,Bucky,Lácteos,798190217239,Unidad,1,7.5,0
Nachos sabor original Bucky snacks 220 g,Bucky,Snacks,7756383000337,Unidad,1,7.5,0
Nachos tortillas de maiz sabor queso Bucky 28 g,Bucky,Lácteos,798190243122,Unidad,1,1.0,0
Naranja de Jugo a granel x kg,Genérico,Bebidas,,Unidad,1,4.5,0
Naranja Huando a granel x kg,Genérico,Frutas y Verduras,7751234013658,Unidad,1,2.5,0
Nasty Bar Mango Peach Pineapple 10000Puffs 5Nic,Nasty,Cigarrillos y Vapes,9551001494127,Unidad,1,70.0,0
Nasty Bar Watermelon Gummy 10000Puffs 5Nic,Nasty,Cigarrillos y Vapes,9551001494103,Unidad,1,70.0,0
naturave churro picante 100 g,Naturave,Embutidos y Fiambres,7755044000853,Unidad,1,5.5,0
Nectarin Manzana 1.5 lt,Nectarin,Bebidas,7751184000234,Unidad,1,5.5,0
Nectarin Manzana 600 ml,Nectarin,Bebidas,7751184000227,Unidad,1,2.5,0
Nectarin Naranja 1.5 lt,Nectarin,Bebidas,7751184000180,Unidad,1,5.5,0
Nectarin Naranja 600 ml,Nectarin,Bebidas,7751184000173,Unidad,1,2.5,0
Nectarin Piña 1.50lt,Nectarin,Bebidas,7751184000166,Unidad,1,5.5,0
Nectarin Piña 600 ml,Nectarin,Bebidas,7751184000159,Unidad,1,2.5,0
Nectarin Toronja 1.5 lt,Nectarin,Bebidas,7751184000258,Unidad,1,5.5,0
Nectarin Toronja 600 ml,Nectarin,Bebidas,7751184000241,Unidad,1,2.5,0
Nectarin Tutti Frutti 1.5 lt,Nectarin,Bebidas,7751184000203,Unidad,1,5.5,0
Nectarin Tutti Frutti 600 ml,Nectarin,Bebidas,7751184000197,Unidad,1,2.5,0
Nescafe Cappuccino helado Donofrio 62 gr,Nescafé,Helados y Congelados,8445291688650,Unidad,1,5.0,0
Nescafe Cappuccino sobre 14 gr.,Nescafé,Abarrotes,8445291584563,Unidad,1,2.5,0
Nescafe Moka 18 gr.,Nescafé,Abarrotes,,Unidad,1,2.5,0
NESCAFE TRADICION 15 G,Nescafé,Abarrotes,8445291014008,Unidad,1,3.0,0
Nescafe Tradicion 17 g 1 taza mas,Nescafé,Abarrotes,8445291584495,Unidad,1,2.5,0
NESCAFE TRADICION 7 G,Nescafé,Abarrotes,8445291013964,Unidad,1,1.7,0
Nescafé Tradicion café instantaneo 50 g,Nescafé,Abarrotes,7613036416566,Unidad,1,10.0,1
Nesquik chocolate instantaneo 190 g,Nestlé,Confitería y Golosinas,8445290241726,Unidad,1,10.5,0
Nesquik sabor Chocolate 13 gr,Nestlé,Confitería y Golosinas,7613035977778,Unidad,1,1.0,0
Nexa N20000 Puff  Strawberry Banana 5%,Nexa,Cigarrillos y Vapes,4897136540854,Unidad,1,65.0,0
Next Masticable Limon 14 g,Genérico,Confitería y Golosinas,7702993023600,Unidad,1,0.8,13
Nito Bimbo marinela 60 g,Bimbo,Confitería y Golosinas,7750727003718,Unidad,1,1.5,0
NIvea desodorante invisible mujer 9 gr,Nivea,Cuidado Personal,4005900820303,Unidad,1,1.2,12
NOBLE PH PLUS DOBLE HOJA 4 ROLLOS 4 UNID,Noble,Cuidado Personal,7759185010436,Unidad,1,6.0,0
Nocaut chocolate turron mani costa 32 g,Costa,Confitería y Golosinas,7750885022071,Unidad,1,1.2,0
Nocturna Always Seca  8 unid,Always,Cuidado Personal,7506339394535,Unidad,1,6.5,0
Nocturna Always Suave x 8,Always,Cuidado Personal,7506339394603,Unidad,1,7.5,0
NOEL CHOCO. LA IBERICA X 60 G,La Ibérica,Confitería y Golosinas,7750060000313,Unidad,1,12.0,0
Nosotras Alas Tela Gel Promo + 2,Nosotras,Cuidado Personal,7702026154448,Unidad,1,5.5,0
Nosotras diarias protección (15 und),Nosotras,Cuidado Personal,7702027434020,Unidad,1,3.5,0
Nosotras Invisible Rapigel flujo regular (10 und),Nosotras,Cuidado Personal,7702027040467,Unidad,1,5.5,0
Nosotras Larga TH 8 und,Nosotras,Cuidado Personal,7702026153618,Unidad,1,5.5,0
Nosotras Nat. Buenas Noches Tela 10 und,Nosotras,Cuidado Personal,7702027040252,Unidad,1,7.8,0
Nosotras Natural Alas Tela Gel 10 und.,Nosotras,Cuidado Personal,7702027494499,Unidad,1,5.5,0
Nosotras Natural Invis. Clasica x 10 und,Nosotras,Cuidado Personal,7702027494512,Unidad,1,5.5,0
NOSOTRAS PROTECTOR DIARIO (5 UND),Nosotras,Cuidado Personal,7702027434112,Unidad,1,1.5,0
Nosotras Protectores Diarios desodorante x 15 und,Nosotras,Cuidado Personal,7702027048548,Unidad,1,3.5,0
Nova Papel Toalla clasica mega rollo absorvente 1 und,Nova,Cuidado Personal,7759185004794,Unidad,1,2.5,0
NOVA PAPEL TOALLA ULTRA HOJAS MAS GRUESAS  1 UND,Nova,Cuidado Personal,7759185010979,Unidad,1,3.0,0
Nova PT Naranja x 2 und,Nova,Frutas y Verduras,7759185004800,Unidad,1,5.0,0
Nuez moscada sobre SM 1 und,Genérico,Abarrotes,,Unidad,1,1.0,1
Nuez pelada sobre SM 1 und,Genérico,Abarrotes,,Unidad,1,1.0,6
Nuggets de pechuga de pollo rico pollo 270 g,Rico Pollo,Embutidos y Fiambres,7755044001492,Unidad,1,9.5,0
Nutrican Adultos x 1 Kg,Nutrican,Mascotas,7750885017954,Unidad,1,7.0,2
Nutrican Adultos x Kg,Nutrican,Mascotas,,Unidad,1,5.5,0
Nutrican Cachorro x Kg,Nutrican,Mascotas,,Unidad,1,6.0,1
Nutrilac leche laive botella 390 g,Laive,Lácteos,7750151008211,Unidad,1,3.3,0
Nutrilac leche laive tetrapack 480 g,Laive,Lácteos,7750151008594,Unidad,1,4.0,0
Ña Pancha Limpieza Prof. 140 g,Ña Pancha,Limpieza del Hogar,7708872634264,Unidad,1,1.2,0
Obsesion costa 21 g,Costa,Confitería y Golosinas,7750885011983,Unidad,1,1.0,0
Old Parr 12 años x 750 ml,Old Parr,Licores y Cervezas,5000281003160,Unidad,1,87.0,0
Old smuggler Whisky 200 ml,Old Smuggler,Licores y Cervezas,7798131200637,Unidad,1,8.0,0
Old Times Apple Rush x 750 ml,Old Times,Licores y Cervezas,7751738004503,Unidad,1,23.0,0
Old Times Black 1 L Whisky,Old Times,Licores y Cervezas,7751738003766,Unidad,1,31.0,0
Old times Black 750 ml Whisky,Old Times,Licores y Cervezas,7751738001472,Unidad,1,28.0,0
Old Times Red  1 L Whisky,Old Times,Licores y Cervezas,7751738003308,Unidad,1,26.0,0
Old times Red 750 ml Whisky,Old Times,Licores y Cervezas,7751738001489,Unidad,1,24.0,0
Ole Ole,Genérico,Panadería,,Unidad,1,0.2,0
Olmeca tequila reposado 700 ml,Olmeca,Licores y Cervezas,80432404270,Unidad,1,59.0,0
Olmeca tequila silver 700 ml,Olmeca,Licores y Cervezas,80432402191,Unidad,1,59.0,0
Onda Jalapeño Lays 37 gr,Frito Lay's,Snacks,7758574006661,Unidad,1,2.0,0
Ondas Sweet BBQ,Genérico,Confitería y Golosinas,7758574006678,Unidad,1,2.0,0
Oral B 4en1 x 140 g,Oral-B,Cuidado Personal,7506195131664,Unidad,1,8.0,0
Oral B 4en1 x 60 g,Oral-B,Cuidado Personal,7506195167113,Unidad,1,4.5,0
Oral B Anticaries 50 ml,Oral-B,Cuidado Personal,7506195130957,Unidad,1,3.5,0
Oregano entero sobre SM 1 und,Genérico,Abarrotes,,Unidad,1,0.5,0
Oregano Molido SM 1 und,Genérico,Abarrotes,,Unidad,1,0.5,0
Orejitas,Genérico,Panadería,,Unidad,1,1.5,0
OREO CHOCOLATE TACO 108 G,Oreo,Confitería y Golosinas,7622201760281,Unidad,1,3.0,0
Oreo Coca Cola 108 g,Coca-Cola,Bebidas,7622202221118,Unidad,1,2.6,0
Oreo Coca Cola 36 g,Coca-Cola,Bebidas,7622202222214,Unidad,1,1.0,0
OREO ORIGINAL  108 G,Oreo,Confitería y Golosinas,7622201693015,Unidad,1,3.0,0
OREO ORIGINAL 36 G,Oreo,Confitería y Golosinas,7702133006661,Unidad,1,1.0,0
Oreo original 54 g,Oreo,Confitería y Golosinas,7622201462871,Unidad,1,1.5,0
Oreo original xtra 135 g,Oreo,Confitería y Golosinas,7622202217494,Unidad,1,3.0,0
OREO SELENA 108 GR,Oreo,Confitería y Golosinas,7622202335259,Unidad,1,2.6,0
OREO VAINILLA GOLDEN 108 GR.,Oreo,Confitería y Golosinas,7622202294723,Unidad,1,3.0,0
Oreo Vainilla Golden x 36 g,Oreo,Confitería y Golosinas,7622210110244,Unidad,1,1.0,0
Oro Amarilla AJE 400 ml,Oro,Bebidas,50670013468,Unidad,1,1.0,0
Oro Gaseosa 3 L,Oro,Bebidas,7751731000946,Unidad,1,6.0,0
Oro Gaseosa Amarilla 1 L,Oro,Bebidas,7751731002506,Unidad,1,3.0,0
Oro Gaseosa Amarilla 350 ml,Oro,Bebidas,7751731006337,Unidad,1,1.0,0
Oso Iberica 100 gr,La Ibérica,Confitería y Golosinas,7750060003703,Unidad,1,20.5,0
OTTO KUNZ JAMON PIZZA 100 G,Otto Kunz,Embutidos y Fiambres,7750302001429,Unidad,1,5.2,0
OTTO KUNZ JAMONADA BOLOGNA 100 G,Otto Kunz,Embutidos y Fiambres,7750302724861,Unidad,1,4.5,0
OTTO KUNZ JAMONADA ESPECIAL 100 G,Otto Kunz,Embutidos y Fiambres,7750302724854,Unidad,1,4.63,0
Otto Kunz Jamonada Especial de Pollo 100 g,Otto Kunz,Embutidos y Fiambres,7750302000866,Unidad,1,4.5,0
Pachuli flute 8 und,Genérico,Bazar y Otros,8901751352610,Unidad,1,1.2,0
Pack Edam y Jamonada 135 g Laive,Laive,Embutidos y Fiambres,7750151008877,Unidad,1,7.0,0
Pack Jamón Pizza / queso Edam Otto Kunz 340 gr,Otto Kunz,Lácteos,7752346007535,Unidad,1,15.5,0
Pack mixto jamonada/queso braedt 180 g,Braedt,Lácteos,7752346005395,Unidad,1,8.0,0
Pack queso Edam + Jamon Americano Suiza 300 gr,Suiza,Lácteos,7750151009010,Unidad,1,14.5,0
Pack Stolichnaya + copa martini Stoli 750 ml,Stolichnaya,Licores y Cervezas,,Unidad,1,50.0,0
Paleta Crema,Genérico,Helados y Congelados,,Unidad,1,4.5,26
Paleta Fruta,Genérico,Helados y Congelados,,Unidad,1,3.5,4
Palichoc Submarino 20 g,Genérico,Confitería y Golosinas,7751723001890,Unidad,1,1.0,0
Palillo molido batan 22 g,Batán,Abarrotes,7750552000272,Unidad,1,1.0,0
Palillo Molido SM 1 und,Genérico,Abarrotes,,Unidad,1,0.5,6
Palinuggets c/tocino Bolsa x 300 gr -15 unid.,Genérico,Embutidos y Fiambres,7755044000150,Unidad,1,9.8,0
Pallar a Granel,Genérico,Abarrotes,,Unidad,1,9.0,3
Palmolive Naturals Nutri Humec Oliva y Aloe,Palmolive,Cuidado Personal,,Unidad,1,4.0,0
Palta a granel x kg,Genérico,Frutas y Verduras,7751234013689,Unidad,1,10.0,0
Palta Hass x Kg,Genérico,Frutas y Verduras,,Unidad,1,7.5,0
Pan Americano Union 540 gr,Unión,Panadería,7752056001977,Unidad,1,8.5,0
Pan Anis el Triunfo,El Triunfo,Panadería,,Unidad,1,6.0,0
Pan Blanco Grande Bimbo x 590 g,Bimbo,Panadería,7750727014189,Unidad,1,9.5,0
Pan caracol el triunfo,El Triunfo,Panadería,,Unidad,1,6.0,0
Pan carioca el triunfo,El Triunfo,Panadería,,Unidad,1,6.0,0
Pan Coco El Triunfo,El Triunfo,Panadería,,Unidad,1,6.0,0
Pan coliza el triunfo,El Triunfo,Panadería,,Unidad,1,6.0,0
Pan Confitado El Triunfo,El Triunfo,Panadería,,Unidad,1,1.5,0
Pan de Queso Las Torres,Las Torres,Lácteos,,Unidad,1,1.5,0
Pan del Dia,Genérico,Panadería,7751234014389,Unidad,1,0.33,0
Pan Fibra Integral Union 540 gr,Unión,Panadería,7752056001915,Unidad,1,9.5,0
Pan Granos y Semillas Union 540 gr,Unión,Panadería,7752056001939,Unidad,1,9.5,1
Pan Hamburguesa Bimbo 480 gr,Bimbo,Embutidos y Fiambres,7750727013717,Unidad,1,9.5,0
PAN HAMBURGUESA LAS TORRES X 8 UND,Las Torres,Embutidos y Fiambres,7750446700080,Unidad,1,7.5,0
Pan hamburguesa x 6 el triunfo,El Triunfo,Embutidos y Fiambres,,Unidad,1,4.0,0
Pan Hot Dog Bimbo 453,Bimbo,Embutidos y Fiambres,7750727005026,Unidad,1,9.5,0
Pan hot dog x 6 el triunfo,El Triunfo,Embutidos y Fiambres,,Unidad,1,4.0,0
Pan integral el triunfo,El Triunfo,Panadería,,Unidad,1,6.0,0
Pan Lulo el Triunfo,El Triunfo,Panadería,,Unidad,1,6.0,0
Pan Molde Blanco Bimbo 480 g,Bimbo,Panadería,7750727003329,Unidad,1,9.5,0
Pan Molde Blanco Clasico Pan Pan x 420 g,Pan Pan,Panadería,7750431260018,Unidad,1,7.0,0
PAN MOLDE BLANCO FAMILIAR LAS TORRES,Las Torres,Panadería,4935304527532,Unidad,1,8.5,0
Pan Molde Blanco Grande El Triunfo,El Triunfo,Panadería,,Unidad,1,7.5,0
Pan Molde Blanco Mediano El triunfo,El Triunfo,Panadería,,Unidad,1,4.5,0
PAN MOLDE BLANCO MEDIANO LAS TORRES,Las Torres,Panadería,7750446700011,Unidad,1,4.5,0
Pan Molde Blanco Mediano Tasaico,Tasaico,Panadería,7752969000098,Unidad,1,4.5,0
PAN MOLDE BLANCO PEQUEÑO LAS TORRES,Las Torres,Panadería,,Unidad,1,3.0,0
Pan Molde Blanco Pequeño Tasaico,Tasaico,Panadería,7752969000081,Unidad,1,3.0,0
Pan Molde Blanco PYC  480 gr,PYC,Panadería,,Unidad,1,6.5,0
Pan Molde Integral Clasico Pan Pan x 420 g,Pan Pan,Panadería,7750431260025,Unidad,1,7.5,0
Pan Molde Integral Mediano El Triunfo,El Triunfo,Panadería,,Unidad,1,4.5,0
PAN MOLDE INTEGRAL MEDIANO LAS TORRES,Las Torres,Panadería,7750465007016,Unidad,1,5.0,0
Pan Molde Integral Mediano PYC 365 g,PYC,Panadería,7750727013649,Unidad,1,4.2,0
Pan Molde Integral Mediano Tasaico,Tasaico,Panadería,,Unidad,1,5.0,0
Pan Molde Integral PYC 500 gr,PYC,Panadería,7750727005071,Unidad,1,7.5,0
Pan Molde Multigranos Pan Pan 420 g,Pan Pan,Panadería,,Unidad,1,9.5,0
PAN MOLDE PEQUEÑO INTEGRAL LAS TORRES,Las Torres,Panadería,7750446700141,Unidad,1,3.5,0
Pan molido a granel x kg,Genérico,Panadería,7751234013078,Unidad,1,6.5,0
Pan Multisemillas Avena,Genérico,Panadería,7752056001922,Unidad,1,9.5,0
Pan Sandwich Clasico Integral Union 540 gr.,Unión,Panadería,7752056002400,Unidad,1,8.7,0
Pan Wawa El Triunfo,El Triunfo,Panadería,,Unidad,1,1.5,0
Panamito x Kg  a granel,Genérico,Frutas y Verduras,,Unidad,1,7.5,0
PANELA NATURAL ORGANICA ALLIMPAQ X 500 GR,Genérico,Abarrotes,,Unidad,1,6.5,1
Paneton Bimbo 900 gr,Bimbo,Panadería,7750727865477,Unidad,1,23.0,0
PANETON BLANCA FLOR 900 G,Blanca Flor,Panadería,7750243040631,Unidad,1,25.0,0
PANETON BUON NATALE DONOFRIO 750 G,D'Onofrio,Panadería,8445290866400,Unidad,1,23.0,0
PANETON DOLCCI 800 G,Genérico,Panadería,7751271024204,Unidad,1,21.0,0
Paneton Donofrio Bolsa x 880 g,D'Onofrio,Panadería,8445290900562,Unidad,1,27.0,0
Paneton el Triunfo 900 gr,El Triunfo,Panadería,,Unidad,1,18.0,0
Paneton Gloria 900 g,Gloria,Panadería,7751271026116,Unidad,1,25.0,0
Paneton Poessia San Jorge 900 g,San Jorge,Panadería,7750106003780,Unidad,1,19.0,0
PANETON SAYON 750 G,Sayón,Panadería,7750243080798,Unidad,1,19.0,0
Paneton Todinno 900 g,Todinno,Panadería,7750885024808,Unidad,1,24.0,0
Paneton Todinno 900 gr+ todinnito,Todinno,Panadería,7750885024808,Unidad,1,27.0,0
PANETON WINTER 850 G,Winter's,Panadería,7752748012328,Unidad,1,24.0,0
Panetoncito caja Las Torres,Las Torres,Panadería,,Unidad,1,2.5,0
Panetoncito en Bolsa Las Torres,Las Torres,Panadería,,Unidad,1,1.5,0
Panquita Batan,Batán,Abarrotes,7750552000869,Unidad,1,1.2,0
Panquita sibarita 31.2 g,Sibarita,Abarrotes,7753121003476,Unidad,1,1.2,5
Pantene Equilibrio Dual Raiz y puntas 27 ml,Pantene,Cuidado Personal,7500435212366,Unidad,1,1.2,0
Pañal para adulto mayor Plenitud classic talla M 20 und,Plenitud,Cuidado Personal,,Unidad,1,2.5,19
Pañal perrito Talla M und,Genérico,Cuidado Personal,,Unidad,1,2.5,10
Paño Virutex Amarillo absorbente tradiconal 1 und,Virutex,Limpieza del Hogar,,Unidad,1,1.2,9
Pañuelo Elite Disney Triple hoja 10 unid,Elite,Cuidado Personal,7759185006163,Unidad,1,1.0,0
Papa Canchan a granel x kg,Genérico,Frutas y Verduras,7751234013870,Unidad,1,3.0,0
Papa Salamanca a granel x kg,Genérico,Frutas y Verduras,7751234013887,Unidad,1,4.0,0
Papa Unica a granel x kg,Genérico,Frutas y Verduras,7751234013863,Unidad,1,2.5,0
PAPAS AL HILO  LAYS 40 GR.,Frito Lay's,Snacks,7758574006609,Unidad,1,2.0,0
Papas al hilo a granel x kg,Genérico,Snacks,7751234013238,Unidad,1,25.0,0
Papas al Hilo Bucky,Bucky,Snacks,798190243139,Unidad,1,1.0,0
Papas al hilo Frito Lays 155 g,Frito Lay's,Snacks,7758574003707,Unidad,1,5.5,0
Papas al hilo Frito Lays 40 g,Frito Lay's,Snacks,7758574004100,Unidad,1,1.8,0
Papas Al Hilo Gototo x 80 g,Bucky,Snacks,850022592256,Unidad,1,3.5,0
Papas Artesanas alitas BBQ Frito Lays 34 g,Frito Lay's,Snacks,7758574005947,Unidad,1,2.0,0
Papas Artesanas sal marina Frito Lays 34 g,Frito Lay's,Snacks,7758574005954,Unidad,1,2.0,0
Papas BBQ Bucky 120 gr,Bucky,Snacks,798190257525,Unidad,1,6.5,0
Papas BBQ Bucky 40 gr,Bucky,Snacks,798190249209,Unidad,1,2.0,0
Papas Bucky Finas Hierbas 40 gr.,Bucky,Snacks,798190256160,Unidad,1,2.0,0
Papas Clasicas Frito Lays 140 g,Frito Lay's,Snacks,7758574006487,Unidad,1,8.0,0
Papas Clasicas Lays 39 gr,Frito Lay's,Snacks,,Unidad,1,2.0,0
Papas Finas Hierbas Bucky 120 gr,Bucky,Snacks,798190257518,Unidad,1,6.5,0
Papas fritas con oregano x kg,Genérico,Snacks,,Unidad,1,28.0,0
Papas fritas hojuelas a granel x kg,Genérico,Snacks,7751234013191,Unidad,1,26.0,0
Papas Jalapeño Bucky  120 gr,Bucky,Snacks,798190257501,Unidad,1,6.5,0
Papas Jalapeño Bucky 40 gr,Bucky,Snacks,798190257440,Unidad,1,2.0,0
Papas Kettle BBQ y Cebolla Buckys 28 gr,Bucky,Snacks,798190257808,Unidad,1,1.0,2
Papas Kettle Jalapeño Buckys 28 gr,Bucky,Snacks,798190257785,Unidad,1,1.0,0
Papas Kettle Pollo Brasa 28 gr Buckys,Bucky,Snacks,798190257846,Unidad,1,1.0,0
Papas Lays Clasica Bolsaza 85 g,Frito Lay's,Snacks,7758574006753,Unidad,1,4.0,0
Papas Nativas Inka Chips 30 gr.,Inka Chips,Snacks,7750526003117,Unidad,1,2.2,0
Papas nativas peruanas Tiyapui 30 g,Tiyapuy,Snacks,731199055730,Unidad,1,1.0,0
Papas ondas Bucky snacks 170 g,Bucky,Snacks,798190202518,Unidad,1,7.0,0
Papas Ondas Mayonesa Frito Lays 37 g,Frito Lay's,Snacks,7758574006623,Unidad,1,2.0,0
Papas ondas pack fiesta Riky tok 180 g,Bucky,Snacks,731199055655,Unidad,1,5.5,0
PAPAS ONDAS PICANTES FRITO LAYS 37 GR,Frito Lay's,Snacks,7758574006630,Unidad,1,2.0,0
Papas picantes a granel x kg,Genérico,Frutas y Verduras,7751234013214,Unidad,1,28.0,0
Papas Pollo a la Brasa 41 g,Genérico,Snacks,7758574006333,Unidad,1,1.8,0
Papas Pollo a la Brasa Frito Lays 37 g,Frito Lay's,Snacks,7758574006654,Unidad,1,2.0,0
PAPAS SABOR BBQ & CEBOLLA 135 GR,Genérico,Frutas y Verduras,7750526003018,Unidad,1,7.5,0
Papas Sabor BBQ y Cebolla Inka Chips 135 g,Inka Chips,Snacks,7750526002776,Unidad,1,7.5,0
Papas sabor BBQ y cebolla Inka chips 30 g,Inka Chips,Snacks,7750526002721,Unidad,1,2.2,0
Papas Sabor Bembos  Inka Chips 30 gr,Inka Chips,Snacks,7750526002738,Unidad,1,2.0,0
Papas Sabor Finas Hierbas y Lima 115 gr,Genérico,Snacks,7750526002059,Unidad,1,7.5,0
Papas sabor Jalapeño Inka Chips 135 g,Inka Chips,Snacks,7750526002752,Unidad,1,7.5,0
Papas sabor Jalapeños Inka Chips 30 g,Inka Chips,Snacks,7750526002707,Unidad,1,2.2,0
Papas sabor queso y cebolla Inka chips 30 g,Inka Chips,Lácteos,7750526002714,Unidad,1,2.2,0
Papas Sal de Mar Inka Chips 135 g,Inka Chips,Snacks,7750526002998,Unidad,1,7.5,0
PAPAS SAL DE MAR INKA CHIPS 33 G,Inka Chips,Snacks,7750526002691,Unidad,1,2.2,0
PAPAYA A GRANEL X KG,Genérico,Frutas y Verduras,7751234013627,Unidad,1,5.5,0
PAPEL ALUMINIO 5 M DIAFANO 1 UND,Diáfano,Bazar y Otros,5901234123457,Unidad,1,5.0,0
Papel de tabaco ocb 50 und,OCB,Cigarrillos y Vapes,0030063082,Unidad,1,4.0,0
Papel de Tabaco OCB Organico 50 unid.,OCB,Cigarrillos y Vapes,0030091948,Unidad,1,4.0,0
Papel higienico Noble Premium x 40 m,Noble,Cuidado Personal,7759185009980,Unidad,1,7.2,0
Papel toalla Paracas multiusos fibras suaves 1 und,Paracas,Cuidado Personal,7750518001428,Unidad,1,9.0,0
papi chips bucky 26 gr,Bucky,Snacks,798190242187,Unidad,1,1.0,0
Papi chips Bucky chips 23 g,Bucky,Snacks,798190249247,Unidad,1,1.0,0
Papi chips clasicas Bucky snacks 180 g,Bucky,Snacks,798190167510,Unidad,1,7.0,0
PAPI CHIPS ONDULADAS PICANTE BUCKY SNACKS 30 G,Bucky,Snacks,798190257938,Unidad,1,1.0,0
Paprika Molida SM 1 und,Genérico,Abarrotes,,Unidad,1,0.5,9
Paracas PH doble hoja 4 rollos 40 m,Paracas,Cuidado Personal,7750518000711,Unidad,1,7.5,0
Paracas PH x 2 Doble Hoja,Paracas,Cuidado Personal,7750518001565,Unidad,1,1.8,0
Pasas morenas a granel x kg,Genérico,Abarrotes,,Unidad,1,25.0,0
Pasas morenas inkabio,Genérico,Abarrotes,,Unidad,1,1.0,0
Pasas morenas sobre SM 1 und,Genérico,Abarrotes,,Unidad,1,0.5,0
Pasas rubias sobre SM 1 und,Genérico,Abarrotes,,Unidad,1,0.5,0
Passport Scotch 700 ml Whisky,Passport,Licores y Cervezas,5000299210048,Unidad,1,30.0,0
Passport scotch Whisky 200 ml,Passport,Licores y Cervezas,5000299210208,Unidad,1,12.0,0
Passport Selection x 700 ml,Passport,Licores y Cervezas,5000299210413,Unidad,1,31.0,0
Pasta de Rocoto Walibi x 85 g,Walibi,Frutas y Verduras,7752187002478,Unidad,1,3.0,0
Pasta Dental Colgate Triple Accion 50 ml,Colgate,Cuidado Personal,7509546003108,Unidad,1,4.2,0
Pasta Dental Family Doctor Action Whitening x 220 g,Family Doctor,Cuidado Personal,7750045135078,Unidad,1,5.0,1
Pasta Dental Herbal Family Doctor x 200 g,Family Doctor,Cuidado Personal,7750045135054,Unidad,1,5.0,0
Pasta dental Niños Avengers sabor Chicle x 50 g,Genérico,Confitería y Golosinas,7750045321501,Unidad,1,2.5,0
Pasta Dental Niños Hello Kitty x 50 G,Genérico,Cuidado Personal,7750045250603,Unidad,1,2.5,0
Pasta Dental Sensitive Family Doctor x 220 g,Family Doctor,Cuidado Personal,7750045135047,Unidad,1,5.0,0
Pasta Dental Triple Accion Familiy Doc. 204 gr,Genérico,Cuidado Personal,7750045135290,Unidad,1,5.0,0
Pasta Dental Ultra Fluor Family Doctor x 220 g,Family Doctor,Cuidado Personal,7750045135061,Unidad,1,5.0,1
"Pasta Pura Dedo Sol del Cusco 17,5 g",Sol del Cusco,Abarrotes,,Unidad,1,2.5,0
Pastel de Choclo x und,Genérico,Abarrotes,,Unidad,1,1.5,0
Pastilla de Chocolate c/ leche La Iberica x 100 gr,La Ibérica,Lácteos,7750060002515,Unidad,1,16.0,0
Pastillas de Choc c/Leche 150 gr. La Iberica,La Ibérica,Lácteos,7750060000078,Unidad,1,19.0,0
Pastillas de Chocolate c/ leche 100 gr,Genérico,Lácteos,7750060002515,Unidad,1,16.0,0
Pastillas de Chocolate Fondant La Iberica 100 g,La Ibérica,Confitería y Golosinas,7750060000498,Unidad,1,16.0,0
Pastillas Surtidas La Iberica 180 g,La Ibérica,Confitería y Golosinas,7750060001112,Unidad,1,28.0,0
Pate de Pollo Rico 100 gr,Rico Pollo,Embutidos y Fiambres,7755044002086,Unidad,1,2.7,0
Pate Gatitos Ricocan 180 gr,Ricocan,Mascotas,7753176007108,Unidad,1,5.0,0
PATITAS DESHIDRATADAS,Genérico,Mascotas,,Unidad,1,1.2,0
Patito Bebé 140 gr,Patito,Limpieza del Hogar,,Unidad,1,1.2,0
Patito Limón-Bicarbonato  1 kg,Patito,Limpieza del Hogar,7750243079761,Unidad,1,5.5,0
Pecana pelada sobre SM 1 und,Genérico,Abarrotes,,Unidad,1,1.0,0
Pechuga de pollo,Genérico,Embutidos y Fiambres,,Unidad,1,16.5,0
Pegamosca Kamoi unid.,Kamoi,Bazar y Otros,,Unidad,1,2.0,0
Pelota Iberica 40 gr,La Ibérica,Confitería y Golosinas,7750060000283,Unidad,1,10.0,0
PEPINILLO  X  UNIDAD,Genérico,Frutas y Verduras,,Unidad,1,1.6,0
Pepperoni Premium Rico Pollo 100 g,Rico Pollo,Embutidos y Fiambres,7755044000457,Unidad,1,4.5,0
Pepsi Cola  355 ml,Pepsi,Bebidas,7401005914614,Unidad,1,1.0,0
Pepsi Cola 1.5 lt,Pepsi,Bebidas,7401005914669,Unidad,1,5.0,0
Pepsi Cola 2 lt,Pepsi,Bebidas,7401005914676,Unidad,1,5.5,0
Pepsi Cola 3 lt,Pepsi,Bebidas,7401005914690,Unidad,1,9.0,0
Pepsi Kola 1 L,Pepsi,Bebidas,7401005914652,Unidad,1,3.5,0
Pepsi Kola 600 ml,Pepsi,Bebidas,7401005914638,Unidad,1,2.0,0
Pepsi Kola 750 ml,Pepsi,Bebidas,7401005914645,Unidad,1,2.5,0
Pepsi Zero Azucar 355 ml,Pepsi,Bebidas,7401005909054,Unidad,1,1.0,0
Perejil,Genérico,Frutas y Verduras,,Unidad,1,1.0,0
PERRO CALIENTE RICO POLLO X 12 UND,Rico Pollo,Embutidos y Fiambres,7755044000020,Unidad,1,7.5,0
Perro Caliente Rico Pollo x 24 und 900 g,Rico Pollo,Embutidos y Fiambres,7755044001393,Unidad,1,12.5,0
Perro Caliente Rico Pollo x 6 und 250 g,Rico Pollo,Embutidos y Fiambres,7755044000037,Unidad,1,4.0,0
Pescaditos Deshidratados,Genérico,Mascotas,,Unidad,1,4.5,0
Petit pan x 20 el triunfo,El Triunfo,Panadería,,Unidad,1,4.0,0
Peziduri 2.2 lt Tricolor,D'Onofrio,Helados y Congelados,7613287023711,Unidad,1,26.0,0
Peziduri Chocochips Donofrio 900 ml,D'Onofrio,Helados y Congelados,8445291013940,Unidad,1,13.5,0
Peziduri Chocolate 900 ml,D'Onofrio,Confitería y Golosinas,8445290961440,Unidad,1,13.5,0
Peziduri Fresa Donofrio 930 ml,D'Onofrio,Helados y Congelados,8445290961419,Unidad,1,13.5,0
Peziduri Fresa x 900 ml,D'Onofrio,Helados y Congelados,8445290961419,Unidad,1,0.0,0
Peziduri Pie de limón 900 ml,D'Onofrio,Helados y Congelados,8445291672819,Unidad,1,23.0,0
Peziduri Tricolor Donofrio 900 ml,D'Onofrio,Helados y Congelados,8445291081925,Unidad,1,13.5,0
PH Elite Suave y Resistente 4 rollos doble Hoja,Elite,Cuidado Personal,7759185011112,Unidad,1,4.5,0
PH Ideal Celeste Una hoja 1 und,Ideal,Cuidado Personal,7751028000574,Unidad,1,1.5,0
PH Ideal Verde Doble hoja 1 und,Ideal,Cuidado Personal,7759185011099,Unidad,1,1.2,0
PH Noble Mellizo doble hoja,Noble,Cuidado Personal,7759185010351,Unidad,1,2.0,0
PH PARACAS MORADO  D/H UNITARIO,Paracas,Cuidado Personal,7750518001763,Unidad,1,1.0,0
Picaras,Genérico,Confitería y Golosinas,,Unidad,1,5.8,0
PICARAS CLASICA 38 G,Genérico,Confitería y Golosinas,7752748012038,Unidad,1,1.5,0
PICARAS EXTREMAS 38 GR.,Genérico,Confitería y Golosinas,7752748012045,Unidad,1,1.5,0
PICARAS FRESA 38 GR.,Genérico,Confitería y Golosinas,7752748012052,Unidad,1,1.5,0
PICARAS MENTA 40 G,Genérico,Confitería y Golosinas,7752748012069,Unidad,1,1.5,0
Pie de limón Pote 900 ml,Genérico,Helados y Congelados,8445291672819,Unidad,1,19.5,0
Pierna c/encuentro,Genérico,Embutidos y Fiambres,,Unidad,1,14.0,0
PILAS AA PANASONIC (X2),Panasonic,Bazar y Otros,,Unidad,1,2.0,0
PILAS AAA PANASONIC (X2),Panasonic,Bazar y Otros,,Unidad,1,2.0,0
Pilas C Panasonic,Panasonic,Bazar y Otros,,Unidad,1,0.0,0
Pilas D Panasonic,Panasonic,Bazar y Otros,,Unidad,1,4.5,0
Pilas Duracell AA (x2),Duracell,Bazar y Otros,41333014630,Unidad,1,6.0,0
Pilas Duracell AAA (x2),Duracell,Bazar y Otros,41333431482,Unidad,1,6.0,0
Pilas Toshiba AA (x4),Toshiba,Bazar y Otros,4904530588471,Unidad,1,3.5,0
Pilsen Cerveza vidrio 1 Lt,Pilsen Callao,Licores y Cervezas,0077541130,Unidad,1,98.0,0
PILSEN CERVEZA VIDRIO 305 ML,Pilsen Callao,Licores y Cervezas,7753749005166,Unidad,1,26.0,0
PILSEN CERVEZA VIDRIO 630 ML X CAJA,Pilsen Callao,Licores y Cervezas,,Unidad,1,84.0,0
PILSEN LATA SIX PACK  355 ML,Pilsen Callao,Licores y Cervezas,,Unidad,1,27.0,0
PILSEN LATON 473 ML X UNIDAD,Pilsen Callao,Licores y Cervezas,7753749002035,Unidad,1,5.8,0
Pimenton,Genérico,Abarrotes,,Unidad,1,1.2,0
Pimienta de olor sobre SM 1 und,Genérico,Abarrotes,,Unidad,1,0.5,0
Pimienta negra molida batan 12 g,Batán,Abarrotes,7750552000975,Unidad,1,1.0,10
Pimiento x unidad,Genérico,Frutas y Verduras,7751234013948,Unidad,1,1.4,1
Pimineta negra molida sobre SM 1 und,Genérico,Abarrotes,,Unidad,1,0.5,0
PINGUINO CHOCOLATE BIMBO 80 GR.,Bimbo,Confitería y Golosinas,7750727013892,Unidad,1,3.5,0
PINGUINOS BIMBO MARINELA CLÁSICOS 80 G,Bimbo,Confitería y Golosinas,7750727738801,Unidad,1,3.5,0
PINGUINOS BIMBO MARINELA SABOR COOKIES AND CREAM 80 G,Bimbo,Confitería y Golosinas,7750727012994,Unidad,1,3.5,0
Piña a granel x kg,Genérico,Frutas y Verduras,7751234013672,Unidad,1,3.8,0
Piña en almibar compass 340 g,Compass,Abarrotes,7751158378505,Unidad,1,8.5,0
Pionono x Und,Genérico,Panadería,,Unidad,1,1.5,0
Piqueo Snax Bolsaza Frito Lays 110 g,Frito Lay's,Snacks,7758574006722,Unidad,1,4.0,0
Piqueo Snax Frito Lays 210 g,Frito Lay's,Snacks,7758574006760,Unidad,1,8.0,0
Piqueo Snax Frito Lays 23 g,Frito Lay's,Snacks,7758574003325,Unidad,1,1.0,0
Piqueo Snax Frito Lays 55 g,Frito Lay's,Snacks,7758574004230,Unidad,1,2.2,0
Pirucream Barquillos rellenos 24 g,Genérico,Confitería y Golosinas,7466762939065,Unidad,1,1.8,0
Pisco Al Capone acholado 750 cc,Al Capone,Licores y Cervezas,,Unidad,1,27.0,6
Pisco Decanto acholado 750 ml,Decanto,Licores y Cervezas,7751738004671,Unidad,1,29.0,0
Pisco Decanto Pisco quebranta 750 ml,Decanto,Licores y Cervezas,7751738004664,Unidad,1,29.0,1
Pisco Majes Tradición acholado 750 ml,Majes Tradición,Licores y Cervezas,7753017000145,Unidad,1,33.0,2
Pisco Majes Tradicion Italia x 750 ml,Majes Tradición,Licores y Cervezas,7753017000138,Unidad,1,33.0,0
Pisco Majes Tradición puro negra criolla 750 ml,Majes Tradición,Licores y Cervezas,7753017000121,Unidad,1,31.0,0
Pisco Majes Tradición puro quebranta 750 ml,Majes Tradición,Licores y Cervezas,7753017000190,Unidad,1,33.0,0
Pisco Pancho fierro acholado de puros 750 ml,Pancho Fierro,Licores y Cervezas,7755204000846,Unidad,1,31.0,0
PISCO SANTIAGO QUEIROLO ACHOLADO 750 ML,Santiago Queirolo,Licores y Cervezas,7758218000024,Unidad,1,32.0,0
PISCO SANTIAGO QUEIROLO ITALIA 750 ML,Santiago Queirolo,Licores y Cervezas,7758218000192,Unidad,1,30.0,0
PISCO SANTIAGO QUEIROLO QUEBRANTA 750 ML,Santiago Queirolo,Licores y Cervezas,7758218181112,Unidad,1,30.0,0
Pisco Sol y tierra acholado 750 ml,Sol y Tierra,Licores y Cervezas,7750446490011,Unidad,1,28.0,0
Pisco Sol y tierra Quebranta 750 ml,Sol y Tierra,Licores y Cervezas,7750446490004,Unidad,1,28.0,0
Pisco Vargas  Caja pisco quebranta + vaso shot 750 ml,Vargas,Licores y Cervezas,7758645079174,Unidad,1,29.0,0
Pisco vargas 250 ml,Vargas,Licores y Cervezas,7758645005012,Unidad,1,13.0,0
Pisco Vargas caja Acholado + vaso shot 750 ml,Vargas,Licores y Cervezas,7758645000017,Unidad,1,29.0,0
Pisco Vargas Caja pisco italia + vaso shot 750 ml,Vargas,Licores y Cervezas,7758645076036,Unidad,1,29.0,0
Pitukats  gatitos x kg,Pitukats,Mascotas,,Unidad,1,8.0,0
Pitukats Adulto x Kg,Pitukats,Mascotas,,Unidad,1,7.5,0
plastimiq polietileno 6x12 cm 200 und,Plastimiq,Bazar y Otros,,Unidad,1,1.0,0
Platano bellaco a granel x kg,Genérico,Frutas y Verduras,7751234013696,Unidad,1,3.8,0
Platano de seda x und,Genérico,Frutas y Verduras,7751234013702,Unidad,1,0.5,0
Platito Duo Gatitos,Genérico,Mascotas,,Unidad,1,6.0,0
Plato 2 espacios Friskies,Friskies,Mascotas,,Unidad,1,5.0,2
Plato Acerado Gran Plus x und,Gran Plus,Mascotas,,Unidad,1,12.0,1
Plato anti Stress para mascota,Genérico,Mascotas,,Unidad,1,15.0,1
Plato de Torta x 25,Genérico,Bazar y Otros,,Unidad,1,3.0,0
Plato Mimaskot Naranja,Mimaskot,Mascotas,,Unidad,1,6.0,0
Plato Plastico Matritek P15 eco chef 25 uni,Matritek,Bazar y Otros,,Unidad,1,2.5,0
Plato Ricocan,Ricocan,Mascotas,,Unidad,1,6.0,7
POETT ALEGRA TU DÍA 880 ML,Poett,Limpieza del Hogar,7756641006842,Unidad,1,3.8,0
Poett Alegra tu Dia x 550 ml,Poett,Limpieza del Hogar,7756641007207,Unidad,1,2.6,0
Poett Bebe 750 ml,Poett,Limpieza del Hogar,7756641006194,Unidad,1,3.2,0
Poett Bebe x 275 ml,Poett,Limpieza del Hogar,7756641005593,Unidad,1,2.2,0
Poett Flores de Primavera 550 ml,Poett,Limpieza del Hogar,7756641005616,Unidad,1,2.5,0
POETT FLORES DE PRIMAVERA 880 ML,Poett,Limpieza del Hogar,7756641006828,Unidad,1,3.8,0
Poett Lavanda 750 ml,Poett,Limpieza del Hogar,7756641005463,Unidad,1,3.2,0
POETT LAVANDA 880 ML,Poett,Limpieza del Hogar,7756641006811,Unidad,1,3.8,0
Poett Lavanda Bot 550 ml,Poett,Limpieza del Hogar,7756641005609,Unidad,1,2.6,0
Poett Primavera 880 ml,Poett,Limpieza del Hogar,,Unidad,1,3.7,0
POETT SOLO PARA TI 880 ML,Poett,Limpieza del Hogar,7756641006712,Unidad,1,3.8,0
POETT SUAVIDAD BB 880 ML,Poett,Limpieza del Hogar,7756641006835,Unidad,1,3.8,0
Poett Suavidad de Bebe 550 ml,Poett,Limpieza del Hogar,7756641005685,Unidad,1,2.6,0
Polvo de hornear Fleischmann 20 g,Fleischmann,Abarrotes,7750871000014,Unidad,1,1.5,0
Polvo de hornear Royal 20 g,Royal,Abarrotes,7622300051822,Unidad,1,1.3,0
Pomarola a la Bolognesa Molitalia 170 g,Molitalia,Abarrotes,7750885020596,Unidad,1,3.0,0
Ponds Clarant B3 +25%,Pond's,Cuidado Personal,7752285034265,Unidad,1,1.2,0
Pop Corn Buck Mantequilla x 200 g,Genérico,Lácteos,,Unidad,1,6.5,0
Pop sabor a mantequilla Bucky snacks 40 g,Bucky,Lácteos,,Unidad,1,1.0,0
POPCORN A GRANEL X KG,Genérico,Abarrotes,7751234012996,Unidad,1,8.0,0
Popcorn acaremalado pop Bucky 45 g,Bucky,Snacks,798190226231,Unidad,1,1.0,0
Popcorn Costeño 500 g,Costeño,Abarrotes,7755139370120,Unidad,1,5.5,0
Popcorn Granos del sur 500 g,Genérico,Abarrotes,7755139001628,Unidad,1,5.0,0
Pork Jamon Especial 500 g,Genérico,Embutidos y Fiambres,7755044001423,Unidad,1,9.8,0
Pouch Gato castrado Oveja Gran Plus 85 gr,Gran Plus,Mascotas,7896048916495,Unidad,1,6.0,1
Pouch Gato Gran Plus Atun 85 gr,Gran Plus,Abarrotes,7896048916617,Unidad,1,6.0,1
Pouch Gato Gran Plus Salmon y Pollo x 85 g,Gran Plus,Mascotas,7896048916518,Unidad,1,6.0,0
Pouch Perro Cachorro Gran Plus Pollo x 100 g,Gran Plus,Mascotas,7896048915962,Unidad,1,7.0,0
Pouch Perro Gran Plus Pollo x 100 g,Gran Plus,Mascotas,7896048915993,Unidad,1,7.0,2
Pouch Perro Gran Plus Salmon y Pollo x 100 g,Gran Plus,Mascotas,7896048916471,Unidad,1,7.0,0
Pouch Pet Care Cachorro x 95 g,Pet Care,Mascotas,7750045454728,Unidad,1,3.0,1
Pouch Pet Care Carne Adulto x 95 g,Pet Care,Mascotas,7750045454704,Unidad,1,3.0,0
Pouch Pet Care Gato Atun x 95 g,Pet Care,Abarrotes,7750045454582,Unidad,1,3.0,3
POWERADE FRUTAS 1 L,Powerade,Bebidas,7750182008815,Unidad,1,3.5,0
Powerade Mora 1.5 lt,Powerade,Bebidas,7750182008075,Unidad,1,5.0,0
Powerade sabor Limón 600 ml,Powerade,Bebidas,7750182007887,Unidad,1,2.0,0
Powerade Sabor Manzana 600 ml,Powerade,Bebidas,7750182008778,Unidad,1,2.0,0
POWERADE SABOR MORA 1 L,Powerade,Bebidas,7750182008808,Unidad,1,3.5,0
POWERADE SABOR MORA 600 ML,Powerade,Bebidas,7750182009010,Unidad,1,2.0,0
POWERADE SABOR MULTIFRUTAS 600 ML,Powerade,Bebidas,7750182009027,Unidad,1,2.0,0
Powerade Uva 600 ml,Powerade,Bebidas,7750182007894,Unidad,1,2.0,0
Pre Mezcla Blanca Flor x 500 g,Blanca Flor,Abarrotes,7750243046008,Unidad,1,8.0,0
Pre Mezcla Chocolate Blanca Flor x 500 gr.,Blanca Flor,Confitería y Golosinas,7750243045810,Unidad,1,8.0,0
Premezcla Blanca Flor Naranja 750 gr,Blanca Flor,Frutas y Verduras,7750243075282,Unidad,1,10.5,0
PRINCESA CLASICO 28 GR.,Genérico,Confitería y Golosinas,8445291985872,Unidad,1,2.8,0
Princesa Nestle sabor fresa 30 g,Nestlé,Confitería y Golosinas,7613287048806,Unidad,1,2.8,0
Principe con relleno sabor chocolate blanco,Nestlé,Confitería y Golosinas,7441029506181,Unidad,1,3.0,0
Principe con relleno sabor limon,Nestlé,Confitería y Golosinas,7441029515268,Unidad,1,3.0,0
Principe Relleno de chocolate Azul 85 g,Nestlé,Confitería y Golosinas,7441029504613,Unidad,1,3.0,0
Pringles Abaneras 158 g,Pringles,Snacks,38000284472,Unidad,1,13.5,0
Pringles Cheddar 40 gr,Pringles,Snacks,38000845536,Unidad,1,5.5,0
Pringles Cheddar y bacon 105 g,Pringles,Snacks,7896004008998,Unidad,1,11.0,0
Pringles Cheddar y Sour Cream 158 g,Pringles,Licores y Cervezas,38000138973,Unidad,1,13.5,0
Pringles Churrasco 109 g,Pringles,Snacks,7896004009643,Unidad,1,11.0,0
Pringles Costillitas BBQ x 105 g,Pringles,Snacks,7896004010243,Unidad,1,11.0,0
Pringles Crema y Cebolla 109 g,Pringles,Snacks,7896004009599,Unidad,1,11.0,0
Pringles Crema y Cebolla x 40 g,Pringles,Snacks,38000846748,Unidad,1,5.5,2
Pringles Enchilada Adobada 158 g,Pringles,Snacks,38000284458,Unidad,1,13.5,0
Pringles Ketchup x 156 G,Pringles,Snacks,64100118690,Unidad,1,13.0,0
Pringles Lemon Pepper x 105 G,Pringles,Snacks,7896004010465,Unidad,1,11.0,0
Pringles Original 37 gr,Pringles,Snacks,38000845512,Unidad,1,5.5,0
Pringles Original chica 37 g,Pringles,Snacks,7896004009612,Unidad,1,5.5,0
Pringles Original Roja 104 g,Pringles,Snacks,7896004009582,Unidad,1,11.0,0
Pringles Queso 109 g,Pringles,Lácteos,7896004009605,Unidad,1,11.0,0
Pringles Queso x 40 g,Pringles,Lácteos,38000846755,Unidad,1,5.5,0
Pringles Sour cream Onions 40 gr.,Pringles,Licores y Cervezas,38000845529,Unidad,1,5.5,0
Pro Chocolate x 320 ml,Gloria,Confitería y Golosinas,7751271030724,Unidad,1,5.5,0
PRO DAY UHT 320 ML CHOCOLATE BOT.,Gloria,Confitería y Golosinas,7751271037242,Unidad,1,5.0,0
PRO DAY UHT 320 ML VAINILLA BOT.,Gloria,Lácteos,7751271037259,Unidad,1,5.0,0
Pro Day Yogurt 155 gr avena,Gloria,Lácteos,7751271037303,Unidad,1,3.0,0
Pro Day Yogurt Manzana 300 gr.,Gloria,Lácteos,7751271037297,Unidad,1,4.5,0
Pro Day Yogurt Mora x 300 gr.,Gloria,Lácteos,7751271037280,Unidad,1,4.5,0
PRO PLAN Cachorro pollo,Pro Plan,Mascotas,,Unidad,1,25.0,0
Pro Plan Cachorro Rz Peque. x Kg,Pro Plan,Mascotas,,Unidad,1,25.0,3
PRO PLAN Cordero adulto,Pro Plan,Mascotas,,Unidad,1,25.0,0
Pro Plan Exigent Rz. Peq. x kg,Pro Plan,Mascotas,,Unidad,1,25.0,0
PRO POWER UHT 320 ML CARAMEL MACCHIATO,Gloria,Lácteos,7751271037273,Unidad,1,7.0,0
PRO POWER UHT 320 ML DARK CHOCOLATE,Gloria,Confitería y Golosinas,7751271037266,Unidad,1,7.0,0
Pro Power Yogurt Sauco 155 gr,Gloria,Lácteos,7751271037327,Unidad,1,4.0,0
Pro Triple Zero Gloria 320 ml,Gloria,Lácteos,7751271032117,Unidad,1,5.5,0
Pudin Chocolate Umsha 100 g,Umsha,Confitería y Golosinas,7750243070119,Unidad,1,2.8,0
Pudin Chololate Royal 110 g,Royal,Abarrotes,7622210091758,Unidad,1,3.5,0
Pudin Vainilla Royal 100 g,Royal,Abarrotes,7622201498160,Unidad,1,3.5,0
pulp durazno forti hierro 145 ml,Pulp,Bebidas,7750670015004,Unidad,1,0.7,3
Pulp Durazno Tetrapack 200 ml,Pulp,Bebidas,7750670020039,Unidad,1,1.0,0
Pura Vida 155 gr,Pura Vida,Bebidas,7751271034005,Unidad,1,1.8,0
PURA VIDA LATA 390 G,Pura Vida,Bebidas,7751271034302,Unidad,1,3.5,0
Pure papa knorr 125 g,Genérico,Abarrotes,7752285038911,Unidad,1,4.5,4
Pure papa nicollini 125 g,Genérico,Abarrotes,7750243053280,Unidad,1,4.5,0
Queirolo Chilcano Limon 275 ml,Santiago Queirolo,Licores y Cervezas,7758218001427,Unidad,1,7.0,0
QUESO BUKELE,Genérico,Lácteos,,Unidad,1,24.0,0
Queso cheddar bonle 136 g,Bonlé,Lácteos,7751271030878,Unidad,1,6.5,0
Queso crema gloria 227 g,Gloria,Lácteos,7751271028295,Unidad,1,10.5,0
Queso de Chancho 200 gr. La Segoviana,La Segoviana,Lácteos,7752346007856,Unidad,1,5.0,0
Queso de Chancho Otto Kunz 100 g,Otto Kunz,Lácteos,7750302739476,Unidad,1,4.5,0
Queso de Chancho Rico Pollo 100 g,Rico Pollo,Lácteos,7755044000594,Unidad,1,3.0,0
Queso de Chancho Rico Pollo 200 g,Rico Pollo,Lácteos,7755044000587,Unidad,1,5.0,0
Queso edam bonle 90 g,Bonlé,Lácteos,7751271031592,Unidad,1,4.5,0
QUESO EDAM LAIVE X 90 GR,Laive,Lácteos,7750151986014,Unidad,1,5.0,0
Queso fundido bonle 136 g,Bonlé,Lácteos,7751271030861,Unidad,1,6.5,1
Queso Fundido Sachet sabor Natural 80 gr,Genérico,Lácteos,7751271030885,Unidad,1,2.5,0
Queso mozzarella bonle 250 g,Bonlé,Lácteos,7751271001311,Unidad,1,10.5,0
Queso mozzarella en láminas Braedt 90 g,Braedt,Lácteos,7752346006064,Unidad,1,6.0,1
Queso para cocina molde,Genérico,Lácteos,,Unidad,1,3.5,0
"Queso paria x 1 m, 1/2 m, 1/4 m",Genérico,Lácteos,,Unidad,1,20.0,0
QUESO PARMESANO RALLADO  GLORIA 35 G,Gloria,Lácteos,7751271037907,Unidad,1,4.5,0
Quick Effect Manzana 355ml,Quick Effect,Bebidas,7758234000008,Unidad,1,8.5,0
Quick Effect Sandia 355 ml,Quick Effect,Bebidas,7758234000435,Unidad,1,8.5,0
Quick Effect Uva 355 ml,Quick Effect,Bebidas,7758234000459,Unidad,1,8.5,0
Quinua a granel x kg,Genérico,Abarrotes,7751234013030,Unidad,1,12.0,0
QUITAMANCHAS ROPA COLOR  SAPOLIO 550 ML,Sapolio,Limpieza del Hogar,7750243085052,Unidad,1,3.8,0
Rapiditas  XL x 6 Bimbo,Bimbo,Panadería,7750727003275,Unidad,1,9.0,0
Rapiditas Bimbo Clásicas 12 und/310 g,Bimbo,Panadería,7750727558980,Unidad,1,8.5,0
Rapiditas Bimbo Integrales 12 und/310 g,Bimbo,Panadería,7750727003282,Unidad,1,9.0,0
Rapiditas Clasicas Bimbo x 6 und,Bimbo,Panadería,7750727005453,Unidad,1,5.0,0
Red Bull Ambar x 250 ml,Red Bull,Bebidas,9002490273262,Unidad,1,8.0,0
Red Bull Green lata 250 ml,Red Bull,Bebidas,9002490271725,Unidad,1,8.0,0
Red Bull lata 250 ml,Red Bull,Bebidas,9002490100070,Unidad,1,8.0,0
Refresco en sobre Frutísimo C/Stevia  20 gr Umsha,Umsha,Bebidas,7750243069564,Unidad,1,1.5,0
Refresco Umsha Piña 13 gr.,Umsha,Bebidas,7750243069519,Unidad,1,1.0,0
Refresco Umsha sabor Aguaymanto x 13 g,Umsha,Bebidas,7750243081252,Unidad,1,1.2,4
Refresco Umsha Sabor Chicha Morada x 13 g,Umsha,Bebidas,7750243069502,Unidad,1,1.2,0
Refresco Umsha sabor Maracuya x 13 g,Umsha,Bebidas,7750243069533,Unidad,1,1.2,0
Refresco Umsha sabor naranja 13 g,Umsha,Bebidas,7750243069540,Unidad,1,1.2,2
Rejuvenece Plus Crema Hyaluronic 10 g,Rejuvenece Plus,Cuidado Personal,,Unidad,1,2.5,5
Rellenitas chocolate gn 90 g,Genérico,Confitería y Golosinas,7750106003766,Unidad,1,1.8,0
Rellenitas coco gn 90 g,Genérico,Confitería y Golosinas,7750106003759,Unidad,1,1.8,0
Rellenitas fresa gn 90 g,Genérico,Confitería y Golosinas,7750106003773,Unidad,1,1.8,0
Relx Magic Go Double Apple 2 ml.,Relx,Cigarrillos y Vapes,6941974902331,Unidad,1,18.0,0
Relx Magic Go Triple Mango x 2 ml.,Relx,Cigarrillos y Vapes,6941974902171,Unidad,1,18.0,0
Repelente de insectos sachet floresta 10 g,Floresta,Cuidado Personal,7750215018859,Unidad,1,2.5,0
Repelente Eco Deet 10 g,Repelente Eco,Cuidado Personal,7752690003382,Unidad,1,1.0,0
Revolcon x unidad,Genérico,Panadería,,Unidad,1,0.3,0
Ricoburguer de pollo,Genérico,Embutidos y Fiambres,,Unidad,1,1.0,0
Ricocan Adulto Cordero y Cereales Bolsa 1 kg,Ricocan,Abarrotes,7753176005159,Unidad,1,9.5,0
Ricocan Adulto Cordero y Cereales Rz peq. x KG,Ricocan,Abarrotes,,Unidad,1,8.0,0
Ricocan Adulto Multisabores T/R Bolsa x 1 Kg,Ricocan,Mascotas,7753176001434,Unidad,1,12.0,0
Ricocan Cachorro Carne y Leche Rz Peq. x Kg,Ricocan,Lácteos,,Unidad,1,8.5,0
Ricocan Pouch Cachorro Cordero x 100 g,Ricocan,Mascotas,7753176004961,Unidad,1,3.0,0
Ricocan Pouch Cachorro Pollo x 100 g,Ricocan,Mascotas,7753176004954,Unidad,1,3.0,0
Ricocan Pouch Carne x 100 g,Ricocan,Mascotas,7753176004923,Unidad,1,3.0,0
Ricocan Pouch Cordero x 100 g,Ricocan,Mascotas,7753176004930,Unidad,1,3.0,0
Ricocan Pouch Pollo x 100 g,Ricocan,Mascotas,7753176004947,Unidad,1,3.0,0
Ricocat Adulto Festival de Sabores x kg,Ricocat,Mascotas,,Unidad,1,10.0,0
Ricocat Esterilizados x KG,Ricocat,Mascotas,,Unidad,1,10.0,0
Ricocat Festival de sabores pack x 200 gr,Ricocat,Mascotas,7753176003636,Unidad,1,2.5,0
"Ricocat Gatitos Carne, Pescado y Leche 200 gr",Ricocat,Lácteos,,Unidad,1,3.5,0
"Ricocat Gatitos Carne,Pescado y Leche x kg",Ricocat,Lácteos,,Unidad,1,10.2,0
Ricocat Pouch Adulto Filetitos Atun  x 85 gr,Ricocat,Abarrotes,7753176006798,Unidad,1,3.0,1
Ricocat Pouch Adulto Filetitos Pavo  85 gr,Ricocat,Mascotas,7753176006781,Unidad,1,3.0,0
Ricocat Pouch Adulto Trocito Pollo x 85 gr,Ricocat,Mascotas,7753176004886,Unidad,1,3.0,20
Ricocat Pouch Adulto Trocitos Sabores Marinos x 85 gr,Ricocat,Mascotas,7753176004893,Unidad,1,3.0,0
Ricocat Pouch Adulto Trocitos Salmon x 85 gr,Ricocat,Mascotas,7753176004909,Unidad,1,3.0,0
Ricocat Pouch Gatitos Carne 85 gr,Ricocat,Mascotas,7753176004916,Unidad,1,3.0,1
Ricocrack Cordero x 500 g,Ricocrack,Mascotas,7753176005623,Unidad,1,14.5,0
Ricocrack Festival de Frutas 500 gr,Ricocrack,Mascotas,7753176003322,Unidad,1,14.5,0
Ricocrack Festival de Frutas x 200 g,Ricocrack,Mascotas,7753176003292,Unidad,1,8.5,0
Ricocrack Leche Cachorros x 200 g,Ricocrack,Lácteos,7753176005647,Unidad,1,8.5,0
Ricocrack Multisabores x 500 g,Ricocrack,Mascotas,7753176002707,Unidad,1,14.5,0
Rigatoni Don Maximo 250 gr,Don Máximo,Abarrotes,7750346002758,Unidad,1,1.5,0
Ritz Queso 75 gr,Nabisco,Lácteos,7622202309533,Unidad,1,2.5,0
Ritz sabor queso nabisco 30 g,Nabisco,Lácteos,7622201390013,Unidad,1,1.4,0
Ritz Taco  x 70 gr,Nabisco,Confitería y Golosinas,7622202232756,Unidad,1,1.8,0
Ritz taco 52.5 gr.,Nabisco,Confitería y Golosinas,7622201389284,Unidad,1,1.5,0
Ritz taco nabisco 80 g,Nabisco,Confitería y Golosinas,7622202244735,Unidad,1,2.0,0
Rocoto alacena 85 g,Alacena,Frutas y Verduras,7750243043960,Unidad,1,3.5,0
Rocoto de huerta a  x unidad,Genérico,Frutas y Verduras,,Unidad,1,0.8,0
Rocoto Walibi 200 gr,Walibi,Frutas y Verduras,7752187001303,Unidad,1,5.5,0
Romero molido SM,Genérico,Abarrotes,,Unidad,1,0.5,13
Romero sobre SM 1 und,Genérico,Abarrotes,,Unidad,1,0.5,6
Ron Appleton Jamaica rum special 750 ml,Appleton,Licores y Cervezas,636191007407,Unidad,1,35.0,0
Ron Bacardi Big apple 750 ml,Bacardí,Licores y Cervezas,80480401030,Unidad,1,45.0,0
Ron Bacardi carta blanca superior 750 ml,Bacardí,Licores y Cervezas,7501008603017,Unidad,1,43.0,0
Ron Bacardi carta oro superior 750 ml,Bacardí,Licores y Cervezas,7501008604014,Unidad,1,43.0,0
Ron Barcelo añejo 1000 ml,Barceló,Licores y Cervezas,7461323129497,Unidad,1,49.0,0
Ron Barcelo añejo 1750 ml Lapida,Barceló,Licores y Cervezas,7461323129800,Unidad,1,76.0,0
Ron Barcelo imperial Onix 750 ml,Barceló,Licores y Cervezas,7461323129190,Unidad,1,135.0,0
RON CAPTAIN MORGAN SPICED COLD 700 ML,Captain Morgan,Licores y Cervezas,5000299223017,Unidad,1,46.0,0
RON CARTAVIO BLACK 1 L,Cartavio,Licores y Cervezas,7751738445672,Unidad,1,30.0,0
Ron Cartavio black 125 ml,Cartavio,Licores y Cervezas,7751738000062,Unidad,1,7.0,0
RON CARTAVIO BLACK 250 ML,Cartavio,Licores y Cervezas,7751738001984,Unidad,1,11.0,0
RON CARTAVIO BLACK 500 ML,Cartavio,Licores y Cervezas,7751738002677,Unidad,1,19.0,0
Ron Cartavio Black 750 ml,Cartavio,Licores y Cervezas,7751738000017,Unidad,1,26.0,5
Ron Cartavio Black Barrel x 750 ml.,Cartavio,Licores y Cervezas,7751738002417,Unidad,1,27.0,0
Ron Cartavio Blanco 1 L,Cartavio,Licores y Cervezas,7751738001090,Unidad,1,30.0,0
Ron Cartavio Blanco 750 ml,Cartavio,Licores y Cervezas,7751738120883,Unidad,1,26.0,0
RON CARTAVIO RESERVA 8 AÑOS 750 ML,Cartavio,Licores y Cervezas,7751738002820,Unidad,1,40.0,7
Ron Cartavio Selecto 5 años 1 L,Cartavio,Licores y Cervezas,7751738003643,Unidad,1,36.0,0
RON CARTAVIO SELECTO 5 AÑOS 750 ML,Cartavio,Licores y Cervezas,7751738001991,Unidad,1,32.0,0
Ron Cartavio Selecto blanco 5 años 750 ml,Cartavio,Licores y Cervezas,7751738003377,Unidad,1,30.0,0
RON CARTAVIO SOLERA 12 AÑOS X 750 ML,Cartavio,Licores y Cervezas,7751738570091,Unidad,1,80.0,1
Ron Cartavio Superior 1 L,Cartavio,Licores y Cervezas,7751738001595,Unidad,1,30.0,0
Ron Cartavio superior 125 ml,Cartavio,Licores y Cervezas,7751738053976,Unidad,1,7.0,0
RON CARTAVIO SUPERIOR 250 ML,Cartavio,Licores y Cervezas,7751738001977,Unidad,1,11.0,0
Ron Cartavio Superior 500 ml,Cartavio,Licores y Cervezas,7751738002929,Unidad,1,18.0,0
Ron Cartavio Superior 750 ml,Cartavio,Licores y Cervezas,7751738001588,Unidad,1,26.0,1
Ron Cihuatan Añejo indigo 8 años 750 ml,Cihuatán,Licores y Cervezas,816529020074,Unidad,1,75.0,0
Ron Flor de Caña 12 años 750 ml,Flor de Caña,Licores y Cervezas,26964823967,Unidad,1,94.0,0
RON FLOR DE CAÑA CLASICO 5 AÑOS 1 L,Flor de Caña,Licores y Cervezas,026964449952,Unidad,1,49.0,2
Ron Flor de Caña Gran reserva 7 años 1 L,Flor de Caña,Licores y Cervezas,26964257014,Unidad,1,58.0,0
RON FLOR DE CAÑA ORO 4 AÑOS 1 L,Flor de Caña,Licores y Cervezas,026964237689,Unidad,1,39.0,1
Ron Havana club Añejo 7 años 700 ml,Havana Club,Licores y Cervezas,8501110080439,Unidad,1,59.0,0
Ron Havana club Añejo Especial 700 ml,Havana Club,Licores y Cervezas,8501110080927,Unidad,1,39.0,0
Ron Kingston rum Jamaica 750 ml,Kingston,Licores y Cervezas,636191205407,Unidad,1,38.0,1
RON MEDELLIN AÑEJO 3 AÑOS 750 ML,Medellín,Licores y Cervezas,7702049100576,Unidad,1,34.0,2
Ron Pomalca añejo 3 años 1 L,Pomalca,Licores y Cervezas,7753194000112,Unidad,1,28.0,0
Ron Pomalca oro añejo 750 ml,Pomalca,Licores y Cervezas,7753194000433,Unidad,1,25.0,1
Ron Tres barriles Añejo coco 750 ml,Tres Barriles,Licores y Cervezas,7759665000100,Unidad,1,16.0,0
Ron Tres barriles Añejo rubio 750 ml,Tres Barriles,Licores y Cervezas,7759665000131,Unidad,1,16.0,1
Ron Viejo burgues Añejo 3 años 750 ml,Viejo Burgués,Licores y Cervezas,7759665000018,Unidad,1,25.0,0
Ron Viejo burgues Añejo 5 años 750 ml,Viejo Burgués,Licores y Cervezas,7759665000025,Unidad,1,29.0,0
Ron Viejo de Caldas 3 años x 750 ml,Viejo de Caldas,Licores y Cervezas,7702168217001,Unidad,1,32.0,0
Ropa de Perro surtida,Genérico,Mascotas,,Unidad,1,0.0,0
RUBY RICCADONNA 750 ML,Riccadonna,Licores y Cervezas,8000368588303,Unidad,1,60.0,0
sacacorcho,Genérico,Bazar y Otros,,Unidad,1,2.0,0
Sacagrasa  Limon Sapolio  Doy pack 500 ml,Sapolio,Limpieza del Hogar,7751851003971,Unidad,1,4.5,0
Sal  SM,Genérico,Abarrotes,,Unidad,1,0.5,2
Sal de Andrews polvo triple accion  7.9 g,Andrews,Abarrotes,,Unidad,1,1.5,0
Sal de Andrews refrescante 5.0 g,Andrews,Abarrotes,,Unidad,1,1.5,0
SAL MARINA DE MESA YODADA Y FLUORADA 1 KG,Genérico,Abarrotes,7755019000147,Unidad,1,2.0,0
SALCHICHA DE POLLO SF 6 UNID,Genérico,Embutidos y Fiambres,7750946002608,Unidad,1,3.5,0
Salchicha pollo Rico x 3 unid.,Rico Pollo,Embutidos y Fiambres,7755044001775,Unidad,1,1.6,0
SALCHICHA POLLO SAN FERNANDO,San Fernando,Embutidos y Fiambres,7750946002592,Unidad,1,1.8,0
Salchicha Rendidora Suiza 100 g,Suiza,Embutidos y Fiambres,7750151008990,Unidad,1,1.8,0
Salchicha Vienesa Otto kunz 175 g,Otto Kunz,Embutidos y Fiambres,7750302739520,Unidad,1,5.5,0
Salchipapero Ahumado Rico Pollo,Rico Pollo,Embutidos y Fiambres,,Unidad,1,2.5,0
Salchipapero Grueso Rico Pollo (Bls.x18),Rico Pollo,Embutidos y Fiambres,,Unidad,1,2.5,0
Salsa BBQ Barbarian Style Libbys x 200 g,Libby's,Abarrotes,7752187002270,Unidad,1,6.5,0
SALSA BBQ LIBBYS 200 G,Libby's,Abarrotes,7752187001778,Unidad,1,6.5,0
Salsa casera molitalia pomarola 190 g,Molitalia,Abarrotes,7750885017121,Unidad,1,2.5,0
Salsa Casera Pomarola 170 gr,Genérico,Abarrotes,7750885023535,Unidad,1,2.5,0
Salsa clasica molitalia pomarola 145 g,Molitalia,Abarrotes,7750885020268,Unidad,1,1.8,0
SALSA DE OSTION ORIENTAL 70 G,Genérico,Abarrotes,6959749700105,Unidad,1,3.5,0
SALSA DE TAMARINDO ORIENTAL X 500 ML,Genérico,Abarrotes,7750530310003,Unidad,1,6.5,0
Salsa Ostion Oriental sachet,Genérico,Abarrotes,,Unidad,1,1.0,2
Salsa para hornear Estilo oriental Lechon 1 und,Genérico,Abarrotes,,Unidad,1,6.0,0
Salsa para hornear Estilo oriental Pavo 1 und,Genérico,Abarrotes,,Unidad,1,6.0,0
SALSA ROJA COMPLETA DON VITTORIO 200 G,Don Vittorio,Abarrotes,7750243043816,Unidad,1,3.5,0
SALSA ROJA COMPLETA DON VITTORIO 400 G,Don Vittorio,Abarrotes,7750243038973,Unidad,1,6.0,0
Salsa tamarindo oriental 125 cc,Genérico,Abarrotes,7751546682078,Unidad,1,3.5,0
San Fernando pack sandwich y queso edam 157 gr,San Fernando,Lácteos,7750946006231,Unidad,1,7.0,0
SAN LUIS ARANDANO 625 ML,San Luis,Bebidas,7750182008761,Unidad,1,2.0,0
"San Luis Manzana 1,5 lt",San Luis,Bebidas,7750182008730,Unidad,1,4.5,0
SAN LUIS SABOR LIMON 625 ML,San Luis,Bebidas,7750182006958,Unidad,1,2.0,0
SAN LUIS SABOR MANZANA 625 ML,San Luis,Bebidas,7750182007757,Unidad,1,2.0,0
San Luis sabor Maracuya 625 ml,San Luis,Bebidas,7750182007764,Unidad,1,2.0,0
SAN MATEO AGUA S/G 600 ML,San Mateo,Bebidas,77530967,Unidad,1,2.0,0
Sandwich Helado Stranger Thing,D'Onofrio,Helados y Congelados,8445291992306,Unidad,1,5.0,0
Sandwich Helado x 900 ml,Genérico,Helados y Congelados,7613287901385,Unidad,1,24.0,0
Sandwich pollo c/mayonesa,Genérico,Abarrotes,,Unidad,1,4.5,0
Sandwich Sabor Vainilla Donofrio 72.2 g,D'Onofrio,Helados y Congelados,7613035977815,Unidad,1,4.0,0
Sangria Tabernero TTP 1 Lt,Tabernero,Licores y Cervezas,7750533010801,Unidad,1,16.0,0
Sangría Viña vieja Sangria + copa 750 ml,Genérico,Licores y Cervezas,7758645705967,Unidad,1,16.0,0
Santiago Queirolo Gran Borgoña 375 ml,Santiago Queirolo,Licores y Cervezas,7758218000086,Unidad,1,13.0,0
SAPITO 9 GR,Genérico,Confitería y Golosinas,7757174012980,Unidad,1,0.6,0
Sapolio Mata cucarachas y hormigas 360 ml,Sapolio,Limpieza del Hogar,7751851006613,Unidad,1,8.5,1
Sapolio WC tanque 45 g,Sapolio,Limpieza del Hogar,7751851559157,Unidad,1,5.0,2
Sardina en salsa de tomate 425 gr.,Genérico,Abarrotes,7751144001264,Unidad,1,6.0,0
SARDINA EN SALSA DE TOMATE PORTOLA 425 GR. OVAL,Portola,Abarrotes,,Unidad,1,6.0,0
Sardina peruana en salsa de tomate Belez 425 g,Belez,Abarrotes,7757757000144,Unidad,1,6.0,0
Sazonador Aji Panca S/Picante Sibarita 9.5 g,Sibarita,Abarrotes,,Unidad,1,0.5,3
Sazonador Completo Batan 24 g,Batán,Abarrotes,7750552000951,Unidad,1,1.0,10
Sazonador Pops de pop corn mantequilla,Genérico,Lácteos,7755139003172,Unidad,1,1.5,0
Sazonador Pops sabor mantequilla 81 gr,Genérico,Lácteos,7755139003189,Unidad,1,9.5,2
Sazonador Sibarita Aji/picante x 32.4 g,Sibarita,Abarrotes,7753121003247,Unidad,1,1.0,1
Sazonador umami sobre SM 1 und,Genérico,Abarrotes,,Unidad,1,0.5,4
Schick Quattro 4 You,Schick,Cuidado Personal,7502214739620,Unidad,1,4.5,0
Sea Bear Cherry Bomb 800Puffs 30 ml NIC 2.3 ml,Sea Bear,Cigarrillos y Vapes,6973080413920,Unidad,1,28.0,0
Sea Bear Pineapple Soul 8000Puffs 5% NI 30 ml,Sea Bear,Cigarrillos y Vapes,6973080414088,Unidad,1,60.0,0
Sedal Shampoo Acondicionador Ceramidas,Sedal,Cuidado Personal,7779970678719,Unidad,1,1.0,0
Semilla de Girasol a granel,Genérico,Frutas y Verduras,,Unidad,1,9.5,2
Semillitas Angel x 120 g,Ángel,Abarrotes,7759826006460,Unidad,1,3.5,0
Semola a granel x kg,Genérico,Abarrotes,7751234013108,Unidad,1,5.0,0
Semola Molitalia 200 gr,Molitalia,Abarrotes,7750885008822,Unidad,1,1.8,0
Semola Nicolini 200 gr,Nicolini,Abarrotes,7750243018500,Unidad,1,1.8,0
SEÑORIO DE NAJAR BORGOÑA 750 ML,Señorio de Najar,Licores y Cervezas,7759291000567,Unidad,1,20.0,3
Servilleta Cortada Nova x 200,Nova,Cuidado Personal,7759185008068,Unidad,1,2.0,0
Servilleta Elite Cortadas hoja simple 200 uni,Elite,Cuidado Personal,7759185002523,Unidad,1,2.0,0
Servilleta Elite Ultrasuave hoja simple doblada en 4 100 uni,Elite,Cuidado Personal,7759185000390,Unidad,1,4.5,3
Servilleta Nova Doblada en 2 x 100,Nova,Cuidado Personal,7759185008075,Unidad,1,2.0,1
Servilleta Tess Hoja simple 15 x 15 cm 400 uni,Tess,Cuidado Personal,7759185009539,Unidad,1,3.7,0
Shake capuccino gloria 320 ml,Gloria,Lácteos,7751271030717,Unidad,1,4.0,0
Shake cookies y cream gloria 320 ml,Gloria,Lácteos,7751271032100,Unidad,1,4.0,0
Shake mocaccino gloria 320 ml,Gloria,Lácteos,7751271030694,Unidad,1,4.0,0
SHAMPO CARE+ CELULAS MADRE SEDAL 40 ML,Sedal,Cuidado Personal,7779970830025,Unidad,1,1.5,0
Shampoo 2 en 1 rizos definidos pantene 18 ml,Pantene,Cuidado Personal,7506339305722,Unidad,1,1.0,0
SHAMPOO 2 EN 1 ZERO CASPA SEDAL 40 ML,Sedal,Cuidado Personal,7779970678382,Unidad,1,1.5,0
Shampoo Amaras Magia Andina  40 ml,Amaras,Cuidado Personal,7750243082723,Unidad,1,1.3,0
Shampoo amor de verano amaras 22 ml,Amaras,Cuidado Personal,7750243077910,Unidad,1,1.0,0
Shampoo Amor de Verano Amaras x 20 ml + 10 ml,Amaras,Cuidado Personal,7750243081306,Unidad,1,1.2,0
Shampoo anticaspa Medicasp 15 ml,Medicasp,Cuidado Personal,650240051029,Unidad,1,2.0,0
SHAMPOO CARE+ COLAGENO VITAMINA C SEDAL 40 ML,Sedal,Cuidado Personal,7779970678689,Unidad,1,1.5,0
SHAMPOO CARE+ FUERZA ANTICAIDA SEDAL 40 ML,Sedal,Cuidado Personal,7779970830605,Unidad,1,1.5,0
SHAMPOO CERAMIDAS FUERZA Y BRILLO SEDAL 40 ML,Sedal,Cuidado Personal,7779970678542,Unidad,1,1.5,0
Shampoo clima de lima amaras 22 ml,Amaras,Cuidado Personal,7750243074063,Unidad,1,1.0,0
Shampoo coco keratina vanart 50 ml,Vanart,Cuidado Personal,650240039225,Unidad,1,1.0,0
Shampoo diosa rulosa amaras 22 ml,Amaras,Cuidado Personal,7750243073967,Unidad,1,1.0,0
SHAMPOO DUO SEDAL 40 ML,Sedal,Cuidado Personal,7779970678559,Unidad,1,1.5,0
Shampoo Gato avena miel y manzanilla,Genérico,Abarrotes,7759585000242,Unidad,1,1.5,5
Shampoo H&S 2 en 1 x 18 ml,Head & Shoulders,Cuidado Personal,7501065922243,Unidad,1,1.0,0
Shampoo H&S Anti-Comezon x 15ml,Head & Shoulders,Cuidado Personal,7500435247696,Unidad,1,1.0,0
Shampoo H&S hidrat acei. de coco 18 ml,Head & Shoulders,Cuidado Personal,7500435144735,Unidad,1,1.0,0
Shampoo H&S Limpie renov 2 en 1 90 ml,Head & Shoulders,Cuidado Personal,7506195148686,Unidad,1,4.5,0
Shampoo H&S Limpieza Renovadora  18 ml,Head & Shoulders,Cuidado Personal,7501007492568,Unidad,1,1.0,0
Shampoo H&S Sua y manej 2 en 1 90 ml,Head & Shoulders,Cuidado Personal,7506195148679,Unidad,1,4.5,0
Shampoo Herbal Essences pequi aguacate 400 ml,Herbal Essences,Cuidado Personal,7500435226066,Unidad,1,21.1,0
Shampoo hidratacion extrema pantene 18 ml,Pantene,Cuidado Personal,7500435184236,Unidad,1,1.0,0
Shampoo Johnson Baby 25 ml,Genérico,Cuidado Personal,7702031338574,Unidad,1,1.5,0
Shampoo Konzil Seda Liquida x 20 ml,Konzil,Cuidado Personal,7702029482944,Unidad,1,1.0,0
Shampoo mas acaondicionador Herbal Smooth Golden (NO USAR),Genérico,Cuidado Personal,,Unidad,1,0.0,0
Shampoo multivitaminas y sabila Savital 30 ml,Savital,Cuidado Personal,7752285039789,Unidad,1,1.0,0
Shampoo nutri. colageno pantene 27 ml,Pantene,Cuidado Personal,7500435191555,Unidad,1,1.0,0
Shampoo Nutribella Reparación 30 ml,Nutribella,Cuidado Personal,7702354957759,Unidad,1,1.0,0
Shampoo Pantene Cuidado clásico 2 en 1 100 ml,Pantene,Cuidado Personal,7506195160466,Unidad,1,4.5,0
Shampoo Pantene Restauración 2 en 1 100 ml,Pantene,Cuidado Personal,7506195160435,Unidad,1,4.5,0
Shampoo Pantene Rizos definidos 2 en 1 100 ml,Pantene,Cuidado Personal,7506309873701,Unidad,1,4.5,0
Shampoo Raices y Puntas Amaras 40 ml.,Amaras,Cuidado Personal,7750243078740,Unidad,1,1.3,0
Shampoo repar. keratina pantene 27 ml,Pantene,Cuidado Personal,7500435241014,Unidad,1,1.0,0
Shampoo reparacion divina amaras 22 ml,Amaras,Cuidado Personal,7750243073868,Unidad,1,1.0,0
Shampoo Reparacion Divina Amaras 40 ml,Amaras,Cuidado Personal,7750243082709,Unidad,1,1.3,0
Shampoo Sin Sulfatos Amaras FCO x 700 ml (NO USAR),Amaras,Cuidado Personal,7750243073875,Unidad,1,0.0,0
Shampoo y Acondic. Nutibela 30 ml,Nutribella,Cuidado Personal,7702354957766,Unidad,1,1.0,0
Shampoo y Acondic. Nutribela Biokeratina 30 ml,Nutribella,Cuidado Personal,7702354957742,Unidad,1,1.0,0
Shampoo y Acondic. Nutribela Celulas Madre 30 ml,Nutribella,Cuidado Personal,7702354957766,Unidad,1,1.0,0
Shampoo y Acondic. Nutribela Hialuronico 30 ml,Nutribella,Cuidado Personal,7702354957735,Unidad,1,1.0,0
Shampoo y acondicionador pantene restauracion 27ml,Pantene,Cuidado Personal,7506339305029,Unidad,1,1.0,0
Shampoo y acondicionador pantene rizos definidos 27 ml,Pantene,Cuidado Personal,,Unidad,1,1.0,0
Siete tinajas destilado de uva Leyenda del valle 750 ml,Siete Tinajas,Licores y Cervezas,7752310000241,Unidad,1,21.0,1
Sin Parar Choco berries 98.3 gr,D'Onofrio,Confitería y Golosinas,8445291980570,Unidad,1,4.5,0
Sin Parar Cono Stranger Thing 134 ml,D'Onofrio,Helados y Congelados,8445291991842,Unidad,1,5.0,0
Sin Parar Fresa/Maracuya 170 ml,D'Onofrio,Helados y Congelados,8445291637191,Unidad,1,4.5,0
Sin Parar Lucuma 170 ml pote,D'Onofrio,Helados y Congelados,7613287095206,Unidad,1,4.5,0
Sin Parar Twist Donofrio 49.6 g,D'Onofrio,Helados y Congelados,8445291233508,Unidad,1,4.0,0
Sline sabor Piña 500 ml,Sline,Bebidas,7751731001516,Unidad,1,1.2,0
Smirnoff Ice Green Apple 355 ml,Smirnoff,Licores y Cervezas,764009013101,Unidad,1,8.5,2
Smirnoff Ice Green LATA 350 ml,Smirnoff,Licores y Cervezas,764009013118,Unidad,1,8.0,1
Smirnoff Ice guarana 350 ml,Smirnoff,Licores y Cervezas,764009020468,Unidad,1,8.0,0
SMIRNOFF ICE ORIGINAL 355 ML,Smirnoff,Licores y Cervezas,764009801814,Unidad,1,8.5,2
SMIRNOFF ICE ORIGINAL LATA 350 ML,Smirnoff,Licores y Cervezas,764009800312,Unidad,1,8.5,0
SNICKER BARRA DE CHOCOLATE RELLENO C/MANÍ 52.7 G,Snickers,Confitería y Golosinas,040000514251,Unidad,1,4.5,0
Snickers 21.5 gr,Snickers,Confitería y Golosinas,7506174502645,Unidad,1,2.0,0
SOCOSANI AGUA MINERAL CON GAS 500 ML,Socosani,Bebidas,7755224000284,Unidad,1,2.0,0
SOCOSANI LIMÓN 500 ML,Socosani,Bebidas,7755224283762,Unidad,1,2.0,0
Socosani Manzana 500 ml,Socosani,Bebidas,7755224000352,Unidad,1,1.5,0
SOCOSANI MORA/FRESA 500 ML,Socosani,Bebidas,7755224000376,Unidad,1,2.0,0
Socosani Piña 500 ml,Socosani,Bebidas,7755224000017,Unidad,1,1.5,0
Soda Dia Victoria 26 g,Victoria,Confitería y Golosinas,7750243077521,Unidad,1,1.0,0
SODA LINE GALLETA COSTA 40 GR.,Costa,Confitería y Golosinas,7750885019590,Unidad,1,1.0,0
Soda San Jorge x 26 g,San Jorge,Confitería y Golosinas,7750106001465,Unidad,1,0.8,0
Soda San Jorge x 40 gr,San Jorge,Confitería y Golosinas,7750106003094,Unidad,1,1.0,0
Soda v original victoria 35 g,Victoria,Confitería y Golosinas,7750243034562,Unidad,1,1.0,0
Something 350 ml,Something Special,Bebidas,,Unidad,1,22.0,0
SOMETHING SPECIAL 750 ML WHISKY,Something Special,Licores y Cervezas,080432402795,Unidad,1,51.0,0
Sopa pollo con fideos maggi 57 g,Maggi,Abarrotes,7613035396203,Unidad,1,3.5,0
Sorbetes 212,Genérico,Bazar y Otros,,Unidad,1,1.0,0
SORRENTO NESTLE X 320 G,Nestlé,Confitería y Golosinas,7613030208129,Unidad,1,2.2,0
Sour Tabernero Chicha Morada 700 ml,Tabernero,Licores y Cervezas,7750533002257,Unidad,1,23.0,0
Sour Tabernero Limon 700 ml,Tabernero,Licores y Cervezas,7750533001168,Unidad,1,23.0,0
Sour Tabernero Mango 700 ml,Tabernero,Licores y Cervezas,7750533001434,Unidad,1,23.0,0
Sour Tabernero Maracuya 700 ml,Tabernero,Licores y Cervezas,7750533001373,Unidad,1,23.0,0
Sour Tabernero Piña Colada 700 ml,Tabernero,Licores y Cervezas,7750533002264,Unidad,1,23.0,0
Spaceman Curve 18K  Watermelon Dragon 5% Nic.,Spaceman,Cigarrillos y Vapes,6936760843486,Unidad,1,60.0,0
Spaghetti Don Vittorio 500 gr,Don Vittorio,Abarrotes,7750243082501,Unidad,1,3.8,0
Spark Sabor blueberry 473 ml,Spark,Bebidas,7754419001952,Unidad,1,8.0,0
Spark sabor Mandarina 473 ml,Spark,Bebidas,,Unidad,1,8.0,0
Spark sabor Manzana 473 ml,Spark,Bebidas,,Unidad,1,8.0,0
SPARK SABOR UVA 473 ML,Spark,Bebidas,7750502410809,Unidad,1,9.0,3
Sparkies Bubbaloo 25 g,Adams,Confitería y Golosinas,7702133879494,Unidad,1,1.5,0
Special chips Bucky snacks 220 g,Bucky,Snacks,798190167503,Unidad,1,7.0,0
Special Chips Piqueo Bucky 28 g,Bucky,Snacks,798190256221,Unidad,1,1.0,0
Sporade Sabor Mandarina x 500 ml,Sporade,Bebidas,7750670010221,Unidad,1,2.0,0
Sporade Sabor tropical 500 ml,Sporade,Bebidas,7750670010238,Unidad,1,2.0,0
Sporade sabor Tropical S/A 500 ml,Sporade,Bebidas,7750670018906,Unidad,1,2.0,0
Spray Mata Moscas y Zancudos Sapolio 360 ml,Sapolio,Limpieza del Hogar,7751851006620,Unidad,1,9.2,0
Sprite lata 350 ml,Sprite,Bebidas,7771620830140,Unidad,1,4.5,0
Sprite lima limon 300 ml,Sprite,Bebidas,7750182004466,Unidad,1,1.6,0
Sprite Sabor lima limon 2.25 L,Sprite,Bebidas,7750182187848,Unidad,1,7.5,0
SPRITE SABOR LIMA LIMON 500 ML,Sprite,Bebidas,7750182000321,Unidad,1,2.5,0
Stevia azucar natural Del Valle  25 und,Del Valle,Abarrotes,7750520000327,Unidad,1,5.0,0
Stolichnaya vodka original 0.75 L,Stolichnaya,Licores y Cervezas,4750021000157,Unidad,1,43.0,0
Suave PH doble hoja 4 rollos verde,Suave,Cuidado Personal,7751493011051,Unidad,1,4.0,0
Suave PH doble hoja 6 rollos,Suave,Cuidado Personal,7751493004367,Unidad,1,6.0,0
Suave PH doble hoja dos rollos verde,Suave,Cuidado Personal,7751493000154,Unidad,1,2.5,0
Suave PH Naranja Resiste Max 2 rollos,Suave,Frutas y Verduras,7751493010269,Unidad,1,2.0,0
Suave PH Rinde Max Negro DH x 4,Suave,Cuidado Personal,7751493011082,Unidad,1,7.5,0
Suavitel Complete Acqua 80 ml,Suavitel,Limpieza del Hogar,7509546679471,Unidad,1,1.2,0
Suavizante Bolivar Aroma Activo 800 ml,Bolívar,Limpieza del Hogar,7750243058292,Unidad,1,8.5,0
Suavizante Bolivar Aroma Floral 400 ml,Bolívar,Limpieza del Hogar,7750243058902,Unidad,1,4.5,0
Suavizante Bolivar Baby kids 800 ml,Bolívar,Limpieza del Hogar,7750243057882,Unidad,1,9.0,0
Suavizante Bolivar Cuidado Total x 80 ml,Bolívar,Limpieza del Hogar,7750243083072,Unidad,1,1.0,0
Suavizante Bolivar Lavanda Frasco 800 ml,Bolívar,Limpieza del Hogar,7750243084345,Unidad,1,8.5,2
Suavizante Bolivar Plus 800 ml,Bolívar,Limpieza del Hogar,7750243058353,Unidad,1,8.5,0
Suavizante Bolivar Plus lavanda 400 ml,Bolívar,Limpieza del Hogar,,Unidad,1,4.5,2
SUAVIZANTE DOWNY AROMA FLORAL 700 ML,Downy,Limpieza del Hogar,7500435196253,Unidad,1,10.5,0
Suavizante Downy Concentrado amanecer 700 ml,Downy,Limpieza del Hogar,7500435196291,Unidad,1,9.0,0
SUAVIZANTE SUAVITEL CUIDADO SUPERIOR 360 ML,Suavitel,Limpieza del Hogar,7509546658827,Unidad,1,4.5,0
Sublime almendras 50 g,Nestlé,Confitería y Golosinas,8445290347701,Unidad,1,4.0,0
Sublime Blanco Sonrisa Nestle 38 g,Nestlé,Confitería y Golosinas,8445290323392,Unidad,1,3.2,0
Sublime clasico Nestle 26 g,Nestlé,Confitería y Golosinas,8445291336025,Unidad,1,2.2,0
Sublime Cookies & Cream 38 gr.,Nestlé,Confitería y Golosinas,8445291408647,Unidad,1,3.2,0
Sublime extremo  50 g,Nestlé,Confitería y Golosinas,8445290347947,Unidad,1,4.0,0
Sublime Power 25 g,Nestlé,Confitería y Golosinas,8445290419484,Unidad,1,1.5,0
SUBLIME SONRISA NESTLE 37 G,Nestlé,Confitería y Golosinas,8445291959125,Unidad,1,3.2,0
Submarino twinkies vainilla Bimbo 35 g,Bimbo,Confitería y Golosinas,7750727011690,Unidad,1,1.2,0
SUEROX BEBIDA REHIDRATANTE FRESA-KIWI 630 ML,Suerox,Bebidas,650240063213,Unidad,1,6.0,0
Suerox Bebida Rehidratante Mora-Azul 630 ml,Suerox,Bebidas,650240063244,Unidad,1,6.0,0
Sunrise Mix Pall Mall 20 und,Pall Mall,Cigarrillos y Vapes,0077561602,Unidad,1,1.0,0
Sunset XL Pall Mall 20 und,Pall Mall,Cigarrillos y Vapes,0077563200,Unidad,1,1.0,0
Super 21+ Sour apple 800Puffs 30 ml NIC 2.5 ml,Super 21+,Licores y Cervezas,6975560886415,Unidad,1,28.0,0
Super Rica bolsa x 4 unid. San Fernando,San Fernando,Bazar y Otros,,Unidad,1,5.0,0
Supercat Adulto Delicias en Salsa Atun 190 g,Supercat,Abarrotes,7753176002608,Unidad,1,3.5,0
Supercat Adulto Delicias en Salsa Carne 180 g,Supercat,Abarrotes,7753176002967,Unidad,1,3.5,0
Supercat Adulto Delicias Pavo 190 g,Supercat,Mascotas,7753176002493,Unidad,1,3.5,0
Supercat Adulto Pate Higado y Pavo lata 180 g,Supercat,Mascotas,7753176002424,Unidad,1,3.5,0
Supercat Adulto x Kg,Supercat,Mascotas,,Unidad,1,9.5,11
Supercat Gatitos Carne y Leche x Kg,Supercat,Lácteos,,Unidad,1,9.5,0
Supercat Gatitos Delicias en Salsa Pescado Lata 190 gr,Supercat,Abarrotes,7753176007306,Unidad,1,3.5,0
Supercat Gatitos Paté Atun y Sardina Lata 180 gr,Supercat,Abarrotes,7753176002400,Unidad,1,3.5,0
Supercat Gatitos Pate Carne 180 g,Supercat,Mascotas,7753176002417,Unidad,1,3.5,0
Superglue Chemmer verde,Chemmer,Bazar y Otros,4719867213084,Unidad,1,1.0,0
TABERNERO LA BOTIJA PISCO ACHOLADO+SHOT 750 ML,Tabernero,Licores y Cervezas,7750533001564,Unidad,1,34.0,0
TABERNERO VINO GRAN ROSE SEMI SECO 750 ML,Tabernero,Licores y Cervezas,7750533017749,Unidad,1,19.0,0
Tableta  Cusco Real 80 gr,Genérico,Abarrotes,7750960006095,Unidad,1,1.5,0
TABLETA DE CHOCOLATE SOL DEL CUSCO SIN AZUCAR 100 G,Sol del Cusco,Confitería y Golosinas,7750960006224,Unidad,1,11.0,0
TABLETA PASTA PURA 80 GR SOL DEL CUSCO,Sol del Cusco,Abarrotes,7750960006774,Unidad,1,12.0,0
Tableta Sol Del Cusco Canela y Clavo x 90 g,Sol del Cusco,Abarrotes,7750960004459,Unidad,1,2.5,0
Tableta Sol del Cuzco  para taza c/ azucar  90 gr,Sol del Cusco,Abarrotes,7750960004435,Unidad,1,2.8,0
Takis Blue Barcel 200 g,Barcel,Snacks,7500810030516,Unidad,1,7.5,0
Takis Blue heat 56 gr.,Barcel,Snacks,7500810030523,Unidad,1,2.5,0
Takis Blue Heat Barcel 90 g,Barcel,Snacks,7500810030554,Unidad,1,4.5,0
Takis Fuego Barcel 200 g,Barcel,Snacks,7500810020999,Unidad,1,7.5,0
Takis Fuego Barcel 56 g,Barcel,Snacks,7500810021064,Unidad,1,2.5,0
Takis Fuego Barcel 90 g,Barcel,Snacks,757528049812,Unidad,1,4.5,0
Takis intense Nacho 56 g,Barcel,Snacks,7500810030493,Unidad,1,2.5,0
Takis Original Barcel 200 g,Barcel,Snacks,7500810021019,Unidad,1,7.5,0
Takis original Barcel 56 g,Barcel,Snacks,7500810021033,Unidad,1,2.5,0
Takis Original Barcel 90 g,Barcel,Snacks,7500810021026,Unidad,1,4.5,0
Takis Xplosion 56 g,Barcel,Snacks,7500810021057,Unidad,1,2.5,0
Takis Xplosion Barcel 200 g,Barcel,Snacks,7500810021002,Unidad,1,7.5,0
Takis Xplosion Barcel 90 g,Barcel,Snacks,7500810021040,Unidad,1,4.0,0
Talco Antisudoral Portugal x 300 g (NO USAR),Portugal,Cuidado Personal,7750215020548,Unidad,1,0.0,0
Tallariín Don Maximo 500 gr,Don Máximo,Abarrotes,7750346000792,Unidad,1,2.8,0
Tampico 1.5 lt,Tampico,Bebidas,7751271035705,Unidad,1,4.5,0
Tampico Blueberry Punch 500 ml,Tampico,Bebidas,7751271035231,Unidad,1,1.5,0
TAMPICO CITRUS PUNCH 3 LT,Tampico,Bebidas,7751271038546,Unidad,1,7.8,0
TAMPICO CITRUS PUNCH 500 ML,Tampico,Bebidas,7751271035699,Unidad,1,1.8,0
Tampico Granadilla Punch x 500 ml,Tampico,Bebidas,7751271032131,Unidad,1,1.5,0
Tapper Deli 1 lt,Genérico,Bazar y Otros,,Unidad,1,10.0,0
Tari Crema de Ají  Alacena  8 gr,Alacena,Abarrotes,,Unidad,1,0.4,0
Tari crema de aji alacena 400 g,Alacena,Abarrotes,7750243030335,Unidad,1,13.0,0
Tari crema de aji alacena 85 g,Alacena,Abarrotes,7750243030328,Unidad,1,3.5,0
TE CANELA Y CLAVO DEL VALLE 25 UND,Del Valle,Abarrotes,7750520000037,Unidad,1,2.5,0
Te Canela y Clavo Del Valle X unidad,Del Valle,Abarrotes,7750520000044,Unidad,1,0.1,0
Te Canela y Clavo Hornimans 25 und,Hornimans,Abarrotes,7750632006170,Unidad,1,2.5,0
Te Canela y Clavo Mc Colins 1 und,Mc Colins,Abarrotes,,Unidad,1,0.15,0
TE CANELA Y CLAVO MC COLINS 25 UND,Mc Colins,Abarrotes,7750477080021,Unidad,1,3.5,0
"Te canela, clavo Herbi x 25 unid",Genérico,Abarrotes,742832821766,Unidad,1,2.2,0
Te Durazno Del Valle 25 und,Del Valle,Abarrotes,7750520000136,Unidad,1,2.5,0
TE NARANJA DEL VALLE 25 UND,Del Valle,Frutas y Verduras,7750520000129,Unidad,1,3.5,0
Te Naranja Del Valle Und,Del Valle,Frutas y Verduras,,Unidad,1,0.1,0
Te p/pasar sobre SM 1 und,Genérico,Abarrotes,,Unidad,1,0.5,18
Tejanas SAyón en Bolsa 480 gr,Sayón,Bazar y Otros,,Unidad,1,12.0,0
Tenedor descartable,Genérico,Bazar y Otros,,Unidad,1,2.5,0
Tentacion chocolate victoria 43 g,Victoria,Confitería y Golosinas,7750243077644,Unidad,1,1.0,0
Tentacion de Coco 43 g.,Genérico,Confitería y Golosinas,7750243077637,Unidad,1,1.0,0
Tentacion naranja victoria 43 g,Victoria,Confitería y Golosinas,7750243077613,Unidad,1,1.0,0
Tentacion vainilla victoria 43 g,Victoria,Confitería y Golosinas,7750243077620,Unidad,1,1.0,0
"THOR ADULTO  CARNE,HIGADO Y CEREALES X KG",Thor,Abarrotes,,Unidad,1,6.0,0
"Thor AdultoCarne, Higado y Cereales Bolsa x 1 kg",Thor,Abarrotes,7753176004824,Unidad,1,6.5,0
Thor Cachorro Carne X KG,Thor,Mascotas,,Unidad,1,6.0,4
Thor Pate Carne Cachorro x 330 g,Thor,Mascotas,7753176004978,Unidad,1,5.5,0
Thor Pate Pollo Lata 330 gr,Thor,Mascotas,7753176004985,Unidad,1,5.0,0
TIO NACHO SHAMPOO ANTICAIDA HERBOLARIA 18 ML,Tío Nacho,Cuidado Personal,650240057533,Unidad,1,1.2,0
Tito Almohada Angel 110 g,Ángel,Abarrotes,7759826001366,Unidad,1,3.5,0
Tizas unidad,Genérico,Bazar y Otros,,Unidad,1,0.5,122
Toallas Humedas Baby Gardy x 100 und,Baby Gardy,Cuidado Personal,7750045371001,Unidad,1,5.0,0
Toallas humedas refill x 100 Tuinies varios mod.,Tuinies,Cuidado Personal,7750045201100,Unidad,1,5.5,0
Toallitas Húmedas Baby Gardy Clásicas 100 un 15 x 20 cm,Baby Gardy,Cuidado Personal,7750045270106,Unidad,1,5.0,0
Toallitas Humedas Baby Looney Tunes x 25 und,Genérico,Cuidado Personal,7750045201216,Unidad,1,2.5,0
Toallitas Humedas Hello Kitty x 25 und,Genérico,Cuidado Personal,7750045250580,Unidad,1,2.5,0
Toallitas Humedas Looney Tunes x 25 und,Genérico,Cuidado Personal,7750045296021,Unidad,1,2.5,0
Toallitas Humedas Minions x 25 und,Genérico,Cuidado Personal,7750045175265,Unidad,1,2.5,0
Toallitas Humedas Paw Patrol x 25 und,Genérico,Cuidado Personal,7750045302258,Unidad,1,2.5,0
Toallitas Húmedas Tuinies Hello kitty 100 15 x 20 cm,Tuinies,Cuidado Personal,7750045201063,Unidad,1,5.5,0
Toallitas Húmedas Tuinies Looney Tunes x 100,Tuinies,Cuidado Personal,7750045201209,Unidad,1,5.5,0
Toallitas Húmedas Tuinies Mickey Mouse x 25,Tuinies,Cuidado Personal,7750045190299,Unidad,1,2.5,0
Toallitas Húmedas Tuinies Mini mouse 100 unid 15 x 20 cm,Tuinies,Cuidado Personal,7750045201001,Unidad,1,5.5,0
Toallitas Húmedas Tuinies Mini mouse 25 un 15 x 20 cm,Tuinies,Cuidado Personal,7750045190251,Unidad,1,2.5,0
Toallitas Humedas Tuinies Paw Patrol 100 un 15 x 20 cm,Tuinies,Cuidado Personal,7750045201162,Unidad,1,5.5,0
Tocino Ahumado La Granjita x 90 g,La Granjita,Embutidos y Fiambres,,Unidad,1,4.2,0
Tocino Ahumado Otto Kunz 100 gr,Otto Kunz,Embutidos y Fiambres,7750302724915,Unidad,1,7.5,0
TOCINO ESPECIAL RICO POLLO 100 G,Rico Pollo,Embutidos y Fiambres,7755044001768,Unidad,1,4.8,0
Tocino pequeño x KG,Genérico,Embutidos y Fiambres,,Unidad,1,25.0,0
TODINNITO 85 GR,Genérico,Panadería,,Unidad,1,3.8,0
Toffees Castaña La Iberica x 100 g,La Ibérica,Confitería y Golosinas,7750060003048,Unidad,1,9.0,0
Toffees Chocolate La Iberica x 100 g,La Ibérica,Confitería y Golosinas,7750060000788,Unidad,1,9.0,0
Toffees Surtidos La Iberica 150 gr,La Ibérica,Confitería y Golosinas,7750060386752,Unidad,1,11.5,0
Toffees Surtidos La Iberica 300 gr,La Ibérica,Confitería y Golosinas,7750060329629,Unidad,1,21.0,0
Toffees Surtidos La Iberica Bolsa 100 gr,La Ibérica,Confitería y Golosinas,7750060000795,Unidad,1,9.0,0
Toffees Surtidos La iberica Minipack x 35 g,La Ibérica,Confitería y Golosinas,7750060003826,Unidad,1,3.0,1
Toffees Vainilla La Iberica x 100 g,La Ibérica,Confitería y Golosinas,7750060003024,Unidad,1,9.0,0
TOMATE A GRANEL X KG,Genérico,Frutas y Verduras,7751234013917,Unidad,1,4.0,0
Tomillo Entero SM,Genérico,Abarrotes,,Unidad,1,0.5,4
Tomillo Molido SM x und,Genérico,Abarrotes,,Unidad,1,0.5,13
Topline inca kola s/a 7.2 gr,Inca Kola,Bebidas,0077555892,Unidad,1,0.7,0
"Topline unid. chicle acido 7,2 gr.",Genérico,Confitería y Golosinas,0077565327,Unidad,1,0.7,0
TOPPING MEZCLA CONCENTRADA 100 G,Genérico,Abarrotes,8445291530874,Unidad,1,3.0,0
Topping mezcla concentrada nestle 397 g,Nestlé,Abarrotes,8445291177857,Unidad,1,6.0,0
Tornado Vainilla Postre Donofrio 660 g,D'Onofrio,Helados y Congelados,7613032530419,Unidad,1,32.0,0
Tornillo Don Maximo,Don Máximo,Abarrotes,7750346002734,Unidad,1,1.5,0
Tornillo Don Vittorio 250 gr (2),Don Vittorio,Abarrotes,7750243082365,Unidad,1,1.9,0
Torta Chocolate Divaldi,Divaldi,Confitería y Golosinas,,Unidad,1,2.0,0
Torta surtida (Keke) x und,Genérico,Panadería,,Unidad,1,1.5,0
Tortees Clasico Frito Lays 71 g,Frito Lay's,Snacks,7758574003844,Unidad,1,2.0,0
TORTEES PICANTE BOLZASA 138 G,Frito Lay's,Snacks,7758574006920,Unidad,1,4.0,0
Tortees Picante Frito Lays 71 g,Frito Lay's,Snacks,7758574003851,Unidad,1,2.0,0
Tortilla de Maiz Clasico Bucky 44 gr,Bucky,Snacks,798190256184,Unidad,1,1.0,0
TORTILLA DE MAIZ PICANTE TOTOPOS X 44 G,Genérico,Snacks,798190256177,Unidad,1,1.0,0
Tortillas de maiz clasico Bucky snacks 40 g,Bucky,Snacks,798190257358,Unidad,1,1.0,0
Tortillas de maiz picantes Bucky snacks 40 g,Bucky,Snacks,798190257365,Unidad,1,1.0,0
Tortitas Bon o Bon 90 gr,Arcor,Confitería y Golosinas,7896058259445,Unidad,1,3.0,0
Tostadas Clásicas Bimbo 128 gr,Bimbo,Panadería,7750727004463,Unidad,1,7.0,0
Tostadas clasicas x 20 el triunfo,El Triunfo,Panadería,,Unidad,1,6.0,0
Tostadas integrales x 20 el triunfo,El Triunfo,Panadería,,Unidad,1,6.5,0
Tostadas pequeñas Las Torres,Las Torres,Panadería,,Unidad,1,3.5,0
Tostadas Tasaico,Tasaico,Panadería,,Unidad,1,7.0,0
Totopos Jalapeños x 50 g,Genérico,Snacks,798190257792,Unidad,1,1.0,0
Trapeador  Microfibra x UND,Genérico,Limpieza del Hogar,,Unidad,1,5.0,0
Tratamiento anti-frizz pantene 27 ml,Pantene,Cuidado Personal,7500435232531,Unidad,1,1.5,0
Tratamiento control caida pantene 27 ml,Pantene,Cuidado Personal,7500435232548,Unidad,1,1.5,8
Tratamiento Nutribela Biokeratina 27 ml,Nutribella,Cuidado Personal,7702354946920,Unidad,1,1.5,0
Tratamiento Nutribela Cauterización,Nutribella,Cuidado Personal,7702354949679,Unidad,1,1.5,0
Tratamiento Nutribela células madre control caida 27 ml,Nutribella,Cuidado Personal,7702354951375,Unidad,1,1.5,0
Tratamiento Nutribela nutrición avanzada 27 ml,Nutribella,Cuidado Personal,7702354950934,Unidad,1,1.5,0
Tratamiento Nutribela Pro Hialurónico 27 ml,Nutribella,Cuidado Personal,7702354954697,Unidad,1,1.5,0
Tratamiento Nutribela Reparación Intensiva 27 ml,Nutribella,Cuidado Personal,7702354948610,Unidad,1,1.5,0
TRAVESURAS DOÑA PEPA FIELD 50 G,Field,Confitería y Golosinas,7622202015236,Unidad,1,1.7,0
Tres Cruces Lager botella VR 650 ml,Tres Cruces,Licores y Cervezas,7750670010504,Unidad,1,5.5,0
TRES CRUCES LAGER LATA 473 ML,Tres Cruces,Licores y Cervezas,7750670013611,Unidad,1,4.5,0
Tres Cruces Pum Pum 473 ml,Tres Cruces,Licores y Cervezas,7759847000218,Unidad,1,27.0,0
TRIANGULO CHOCOLATE NESTLE 29 G,Nestlé,Confitería y Golosinas,8445291904729,Unidad,1,2.8,0
Trident Evup Cool Bubble x 18 und,Trident,Confitería y Golosinas,7506105606091,Unidad,1,3.5,0
Trident Evup Fresh Herbal 18 und,Trident,Confitería y Golosinas,7622210407757,Unidad,1,3.5,0
Trident Evup Freshmint x 18 und,Trident,Confitería y Golosinas,7506105606077,Unidad,1,3.5,0
Trident Evup Menta 18 und,Trident,Confitería y Golosinas,7506105606053,Unidad,1,3.5,0
Trident Evup Mora 18 und,Trident,Confitería y Golosinas,7622201760397,Unidad,1,3.5,0
Trident Evup Sandía  x 18,Trident,Confitería y Golosinas,7506105606084,Unidad,1,3.5,0
Trident menta 4S,Trident,Confitería y Golosinas,0075045623,Unidad,1,0.5,0
TRIDENT MORA 4 PASTILLAS,Trident,Confitería y Golosinas,75045685,Unidad,1,0.5,0
Trident X- Splash Fresa (x9),Trident,Confitería y Golosinas,7622202394799,Unidad,1,3.0,0
Trozos de Atún A/V Marinero 140 gr,Marinero,Abarrotes,7751158011723,Unidad,1,4.5,0
Trozos de atun en aceite vegetal A1 140 g,A1,Abarrotes,7759109000673,Unidad,1,5.0,0
Trozos de atun en aceite vegetal Fanny 140 g,Fanny,Abarrotes,7750885020343,Unidad,1,5.5,0
Trozos de atun en aceite vegetal Primor 142 g,Primor,Abarrotes,7750243072304,Unidad,1,5.5,0
Trozos de atun en agua y sal Gloria 140 g,Gloria,Bebidas,7751271033435,Unidad,1,5.5,0
Trululú Chocolores 30 g,Trululú,Confitería y Golosinas,7702993044063,Unidad,1,1.5,0
Tuco sazon salsa batan 20 g,Batán,Abarrotes,7750552000470,Unidad,1,1.0,46
TUCO TALLARIN SIBARITA 32.4 G,Sibarita,Abarrotes,7753121003261,Unidad,1,1.2,0
Tuco tallarin sibarita 8.4 g,Sibarita,Abarrotes,,Unidad,1,0.5,55
TurboMax Naranja-Fresa Donofrio 64.4 g,D'Onofrio,Helados y Congelados,7613038385266,Unidad,1,1.0,0
Uchucuta crema de rocoto Alacena 400 g,Alacena,Abarrotes,7750243042888,Unidad,1,13.0,0
Uchucuta crema de rocoto alacena 85 g,Alacena,Abarrotes,7750243040327,Unidad,1,3.5,0
Untable original philadelphia 150 g,Philadelphia,Lácteos,7622201426170,Unidad,1,10.5,0
Uña de Gato Del Valle 1 und,Del Valle,Mascotas,,Unidad,1,8.5,0
Uña de Gato Del Valle 25 und,Del Valle,Mascotas,7750520000242,Unidad,1,3.5,0
VAINILLA FAMILIAR SAN JORGE 120 G,San Jorge,Confitería y Golosinas,7750106010245,Unidad,1,2.0,0
Vainita a granel,Genérico,Frutas y Verduras,,Unidad,1,7.0,0
Valeriana Del Valle 25 und,Del Valle,Abarrotes,7750520000167,Unidad,1,3.5,0
Valle de vitor Cepas prohibidas 750 ml,Valle de Vitor,Licores y Cervezas,,Unidad,1,16.0,0
Vanish Blanco Total gel quitamanchas 100 ml,Vanish,Limpieza del Hogar,7702626210582,Unidad,1,2.0,0
Vanish Colores gel quitamanchas  100 ml,Vanish,Limpieza del Hogar,7702626206653,Unidad,1,2.0,0
Vape Fumakilla 12.5 g,Fumakilla,Limpieza del Hogar,8992857010726,Unidad,1,3.5,2
Vaso descartable 3 oz 50 und,Genérico,Bazar y Otros,7750078002590,Unidad,1,2.0,0
Vasos Descartables regular sol 50 und,Genérico,Bazar y Otros,,Unidad,1,2.0,0
Vialetto Postre Donofrio 576 g,D'Onofrio,Helados y Congelados,7613036050296,Unidad,1,26.0,0
Vick Vapo Rub 100 gr,Vicks,Cuidado Personal,7590002012475,Unidad,1,21.26,0
Vienesa gruesa Rico Pollo,Rico Pollo,Embutidos y Fiambres,,Unidad,1,2.5,0
Vienesa Otto kunz 500 gr,Otto Kunz,Embutidos y Fiambres,7750302001634,Unidad,1,9.5,0
Vinagre blanco del firme 1.1 lt,Del Firme,Abarrotes,7758651000230,Unidad,1,4.5,0
Vinagre blanco venturo 125 ml,Venturo,Abarrotes,7758651000056,Unidad,1,2.0,0
Vinagre blanco venturo 600 ml,Venturo,Abarrotes,7758651000216,Unidad,1,4.5,0
Vinagre de Manzana La Arequipeñita x 320 ml,La Arequipeñita,Abarrotes,7756786000040,Unidad,1,5.0,0
Vinagre de manzana majeñito 125 ml,Majeñito,Abarrotes,,Unidad,1,2.5,0
Vinagre Tinto  Batán 250 ml,Batán,Abarrotes,7750552001088,Unidad,1,2.5,0
Vinagre tinto del firme 1.5 lt,Del Firme,Abarrotes,7758651000247,Unidad,1,4.5,0
Vinagre tinto venturo 125 ml,Venturo,Abarrotes,7758651000063,Unidad,1,2.0,0
Vinagre tinto venturo 600 ml,Venturo,Abarrotes,7758651000223,Unidad,1,4.5,0
Vino Al Capone Manzanillo Quebranta 750 cc,Al Capone,Licores y Cervezas,,Unidad,1,16.0,0
VINO BAILETTI MISTELA DULCE 750 ML,Bailetti,Licores y Cervezas,7750540730242,Unidad,1,15.0,1
VINO BAILETTI SABOR A HIGO 750 ML,Bailetti,Licores y Cervezas,7750540730266,Unidad,1,15.0,0
Vino Borgoña Conde de la Conquista 750 ml,Conde de la Conquista,Licores y Cervezas,7750921000032,Unidad,1,16.5,0
Vino Castillo negro Borgoña semi seco 750 ml,Castillo Negro,Licores y Cervezas,7750489650007,Unidad,1,16.0,0
Vino de Higo Yañez x 750 ml,Yáñez,Licores y Cervezas,,Unidad,1,15.0,0
Vino Rose Cuneo semi seco 1500 ml,Viña Cuneo,Licores y Cervezas,,Unidad,1,20.0,0
Vino Rose Franchettis x 750 ml,Franchettis,Licores y Cervezas,7755539000429,Unidad,1,16.0,0
Vino Rosé Semiseco- Conde de la Conquista 750 ml,Conde de la Conquista,Licores y Cervezas,7750921000360,Unidad,1,16.5,0
VINO SANTIAGO QUEIROLO GRAN BORGOÑA 750 ML,Santiago Queirolo,Licores y Cervezas,7758218195973,Unidad,1,19.0,0
VINO SANTIAGO QUEIROLO MAGDALENA 750 ML,Santiago Queirolo,Licores y Cervezas,7758218195980,Unidad,1,19.0,1
VINO SANTIAGO QUEIROLO ROSE 750 ML,Santiago Queirolo,Licores y Cervezas,7758218195959,Unidad,1,19.0,1
Vino Sol y tierra Borgoña x 750 ml,Sol y Tierra,Licores y Cervezas,7750458570053,Unidad,1,16.0,1
Vino Sol y Tierra Higo x 750 ml,Sol y Tierra,Licores y Cervezas,7750458570046,Unidad,1,16.0,1
Vino Sol y Tierra Mistela x 750 ml,Sol y Tierra,Licores y Cervezas,7750458570022,Unidad,1,16.0,0
VINO SOL Y TIERRA PERFECTO AMOR 750 ML,Sol y Tierra,Licores y Cervezas,7750458570039,Unidad,1,16.0,1
Vino Sol y Tierra Rose x 750 ml,Sol y Tierra,Licores y Cervezas,7750458570015,Unidad,1,16.0,0
VINO TACAMA ROSE SEMISECO 750 ML,Tacama,Licores y Cervezas,7750359000369,Unidad,1,19.0,2
VINO TACAMA TINTO SEMISECO 750 ML,Tacama,Licores y Cervezas,7750359000383,Unidad,1,19.0,1
Vino Trapiche vineyards Tinto cabernet sauvignon 750 ml,Trapiche,Licores y Cervezas,7790240072150,Unidad,1,31.0,0
Vino Trapiche vineyards Tinto malbec 750 ml,Trapiche,Licores y Cervezas,7790240017045,Unidad,1,31.0,0
Vino Trapiche vineyards Tinto sauvignon blanc 750 ml,Trapiche,Licores y Cervezas,7790240017069,Unidad,1,31.0,0
Vino Viña cuneo Blanco semiseco 750 ml,Viña Cuneo,Licores y Cervezas,,Unidad,1,10.0,0
Vino Viña cuneo Rose semiseco 750 ml,Viña Cuneo,Licores y Cervezas,,Unidad,1,11.0,0
Vino Yañez Vino borgoña semi seco 750 ml,Yáñez,Licores y Cervezas,,Unidad,1,15.0,0
Violeta flute 8 und,Genérico,Bazar y Otros,8901751352993,Unidad,1,1.2,0
Virutex Fibra Esponja Multi superficies,Virutex,Limpieza del Hogar,7759998006145,Unidad,1,3.8,3
VIZZIO ALMENDRA COSTA 122 GR.,Costa,Abarrotes,7750885020824,Unidad,1,10.5,0
Vodka Russkaya Clásico 750 ml,Russkaya,Licores y Cervezas,7751738000673,Unidad,1,23.0,2
Vodka Russkaya Cranberry 750 ml,Russkaya,Licores y Cervezas,7751738002288,Unidad,1,25.0,0
Vodka Russkaya Grape 750 ml,Russkaya,Licores y Cervezas,7751738004954,Unidad,1,25.0,0
VODKA RUSSKAYA GREEN 750 ML,Russkaya,Licores y Cervezas,7751738004138,Unidad,1,25.0,1
VODKA RUSSKAYA MANGO 750 ML,Russkaya,Licores y Cervezas,7751738004268,Unidad,1,25.0,0
VODKA RUSSKAYA ORANGE CITRUS 750 ML,Russkaya,Licores y Cervezas,7751738002295,Unidad,1,25.0,1
Vodka Russkaya Orange x 750 ml,Russkaya,Licores y Cervezas,,Unidad,1,25.0,0
Vodka Russkaya Pink 750 ml,Russkaya,Licores y Cervezas,7751738003773,Unidad,1,25.0,0
Vodka Smirnoff Neutro Red 700 ml,Smirnoff,Licores y Cervezas,5410316519724,Unidad,1,36.0,0
VODKA SMIRNOFF SABOR APPLE 700 ML,Smirnoff,Licores y Cervezas,7791250001857,Unidad,1,37.0,0
Vodka Smirnoff Sabor raspberry 700 ml,Smirnoff,Licores y Cervezas,7791250001871,Unidad,1,37.0,0
Vodka Smirnoff Sabor watermelon 700 ml,Smirnoff,Licores y Cervezas,7791250002243,Unidad,1,37.0,0
Vodka Smirnoff Spicy Tamarind 700 ml,Smirnoff,Licores y Cervezas,7791250003400,Unidad,1,37.0,0
Vodka Voljov Neutro 1 L,Voljov,Licores y Cervezas,7751738003421,Unidad,1,20.0,0
Volt  Energy drink en lata 473 ml,Volt,Bebidas,7750670012300,Unidad,1,4.0,0
Volt  Fantasy  botella 300 ml,Fanta,Bebidas,7750670012218,Unidad,1,2.0,0
Volt  Maca Blueberry 300 ml,Volt,Bebidas,7750670013154,Unidad,1,2.0,0
VOLT  SIN AZUCAR BOTELLA 300 ML,Volt,Bebidas,7750670016926,Unidad,1,2.0,0
Volt Dark Frutos del Bosque 300 ml,Volt,Bebidas,7750670016896,Unidad,1,2.0,0
Volt Gamer Ponche Frutas 300 ml,Volt,Bebidas,7750670019699,Unidad,1,2.0,0
Volt Uva Colageno Aloe Vera 300 ml,Volt,Bebidas,7750670014960,Unidad,1,2.0,0
Wafer Costa Chocolate 105 g,Costa,Confitería y Golosinas,7750885021678,Unidad,1,2.5,0
Wafer Costa Fresa 105 g,Costa,Confitería y Golosinas,7750885021685,Unidad,1,2.5,0
Wafer Costa Lucuma 105 g,Costa,Confitería y Golosinas,7750885021692,Unidad,1,2.5,0
Wafer Costa Vainilla 105 g,Costa,Confitería y Golosinas,7750885021708,Unidad,1,2.5,0
Wafer Mabels Chocolate 107 g,Mabels,Confitería y Golosinas,7773401006935,Unidad,1,2.2,0
Wafer Mabels Coco,Mabels,Confitería y Golosinas,7773401006904,Unidad,1,3.2,0
Wafer Mabels Fresa 107 g,Mabels,Confitería y Golosinas,7773401006942,Unidad,1,2.2,0
Wafer Mabels Vainilla 107 g,Mabels,Confitería y Golosinas,7773401006959,Unidad,1,2.2,0
Wafer Nik Chocolate Costa 27 g,Costa,Confitería y Golosinas,7750885019835,Unidad,1,0.8,0
Wafer Nik chocolate Costa 72 gr.,Costa,Confitería y Golosinas,7750885019897,Unidad,1,1.5,0
Wafer Nik Fresa Costa 27 gr.,Costa,Confitería y Golosinas,7750885019811,Unidad,1,0.8,0
Wafer Nik Fresa Costa 72 gr.,Costa,Confitería y Golosinas,7750885019873,Unidad,1,1.5,0
Wafer Tuyo 22 gr,Tuyo,Confitería y Golosinas,7750885016483,Unidad,1,1.0,0
Waka 600Puffs Blueberry Splash 3Nic 2 ml,Waka,Cigarrillos y Vapes,6941974902232,Unidad,1,24.0,0
Waka 600Puffs Cranberry Grape 3Nic 2 ml,Waka,Cigarrillos y Vapes,6941974902287,Unidad,1,24.0,0
Waka 600Puffs Mango Peach 3Nic 2 ml,Waka,Cigarrillos y Vapes,6941974902263,Unidad,1,24.0,0
Waka 600Puffs Minty Lemon 3Nic 2 ml,Waka,Cigarrillos y Vapes,6941974902300,Unidad,1,24.0,0
Waka 600Puffs Strawberry Burst 3Nic 2 ml,Waka,Cigarrillos y Vapes,6941974902225,Unidad,1,24.0,0
Waka Blast Watermelon Chill 36000 5% Nic.,Waka,Cigarrillos y Vapes,6942108462608,Unidad,1,75.0,0
Waka Smach Blackberry Surge 6000Puffs 3% NIC 12 ml,Waka,Cigarrillos y Vapes,6975364632409,Unidad,1,55.0,0
Waka Smash 6000Puffs Apple Surge 3% NIC 12 ml,Waka,Cigarrillos y Vapes,6975364632393,Unidad,1,55.0,0
Waka Smash 6000Puffs Banana Coconut 3% NIC 12 ml,Waka,Cigarrillos y Vapes,6975364632386,Unidad,1,55.0,0
Waka soPro10000Puffs Blueberry raspberry 5% NIC 18 ml,Waka,Cigarrillos y Vapes,6975364636957,Unidad,1,76.0,0
Wantan la pasta 500 g,Genérico,Abarrotes,7756160000024,Unidad,1,4.8,0
Wawa Grande und,Genérico,Panadería,,Unidad,1,1.5,0
Wawa Pequeño und,Genérico,Panadería,,Unidad,1,6.0,0
WHISKY BALLANTINES FINO 70 CL,Ballantine's,Licores y Cervezas,5010106113127,Unidad,1,55.0,0
Whisky Black & white 75 cl,Black & White,Licores y Cervezas,0050196111,Unidad,1,41.0,0
Whisky Chivas regal Añejo 12 años 750 ml,Chivas Regal,Licores y Cervezas,80432400395,Unidad,1,89.0,0
Whisky Grants 1 L,Grant's,Licores y Cervezas,5010327000039,Unidad,1,41.0,0
WHISKY JACK DANIELS ORIGINAL HONEY 750 ML,Jack Daniel's,Licores y Cervezas,082184000335,Unidad,1,88.0,1
WHISKY JOHNNIE WALKER BLACK LABEL 12 AÑOS 750 ML,Johnnie Walker,Licores y Cervezas,5000267024011,Unidad,1,115.0,1
WHISKY JOHNNIE WALKER RED LABEL 750 ML,Johnnie Walker,Licores y Cervezas,7751234006414,Unidad,1,49.0,1
Whisky Lexington 750 ml,Lexington,Licores y Cervezas,7751738003704,Unidad,1,18.0,0
Wild Extreme Blue Lagoon VR 355 ml,Wild,Licores y Cervezas,7751738004312,Unidad,1,6.0,0
Wild Fresh Apple 355 ml,Wild,Licores y Cervezas,7751738003223,Unidad,1,5.0,0
Wild Passion Fruit 355 ml,Wild,Licores y Cervezas,7751738002899,Unidad,1,5.0,0
Wild Sex on the beach 355 ml,Wild,Licores y Cervezas,7751738002905,Unidad,1,5.0,0
Wild Sex on The Beach 700 ml,Wild,Licores y Cervezas,7751738004343,Unidad,1,13.0,0
Wild Tropical Orange 355 ml,Wild,Licores y Cervezas,7751738002882,Unidad,1,5.0,0
Wild Xtreme Appletini 355 ml,Wild,Licores y Cervezas,7751738004305,Unidad,1,6.0,0
Wild Xtreme Blue Lagoon 700 ml,Wild,Licores y Cervezas,7751738004756,Unidad,1,15.0,0
Wild Xtreme Watermelon 355 ml,Wild,Licores y Cervezas,7751738003889,Unidad,1,6.0,0
Wislan Crema de menta 750 ml,Wislan,Licores y Cervezas,,Unidad,1,24.0,0
Wislan Curacao bleu 750 ml,Wislan,Licores y Cervezas,,Unidad,1,24.0,0
Xtreme Gel 100 gr,Xtreme Gel,Cuidado Personal,7501199416861,Unidad,1,4.5,1
Yamis Filetitos Sabor Tocino Ahumado x Und,Yamis,Embutidos y Fiambres,,Unidad,1,1.0,0
YOFRESH FRESA GLORIA 320 ML,Gloria,Lácteos,7751271032933,Unidad,1,3.5,0
Yogurt  Probiotico Fresa Laive 180 gr,Laive,Lácteos,7750151007672,Unidad,1,2.2,0
Yogurt Act.360 Frutos del Bosque Yoleit 160 g,Yoleit,Lácteos,7750632006767,Unidad,1,2.3,0
Yogurt Actibio Fresa linaza Gloria 950 gr,Gloria,Lácteos,7751271035422,Unidad,1,7.0,0
Yogurt ActiBio Fresa/Linaza Gloria 180 gr.,Gloria,Lácteos,7751271035439,Unidad,1,2.2,0
Yogurt Battishake fresa x 120 gr.,Laive,Lácteos,7751271012317,Unidad,1,2.0,0
Yogurt durazno gloria 180 g,Gloria,Lácteos,7751271030335,Unidad,1,2.0,0
Yogurt fresa gloria 180 g,Gloria,Lácteos,7751271030328,Unidad,1,2.0,0
Yogurt fresa gloria 500 g,Gloria,Lácteos,7751271030366,Unidad,1,4.0,0
YOGURT FRESA GLORIA 946 KG,Gloria,Lácteos,7751271036429,Unidad,1,6.5,0
Yogurt fresa y platano gloria 180 g,Gloria,Lácteos,7751271033329,Unidad,1,2.0,0
Yogurt frutado durazno gloria 120 g,Gloria,Lácteos,7751271012355,Unidad,1,2.0,0
Yogurt frutado fresa gloria 120 g,Gloria,Lácteos,7751271012348,Unidad,1,2.0,0
YOGURT GLORIA DURAZNO 946 GR,Gloria,Lácteos,7751271036436,Unidad,1,6.5,0
Yogurt Gloria FresaPlatano 946 GR.,Gloria,Lácteos,7751271036498,Unidad,1,6.5,0
Yogurt Gloria Griego miel c/cereal 128 gr,Gloria,Lácteos,7751271031738,Unidad,1,4.0,0
YOGURT GLORIA GUANABANA 946 G,Gloria,Lácteos,7751271036468,Unidad,1,6.5,0
YOGURT GLORIA TUTTIFRUTTI 946 GR,Gloria,Lácteos,7751271036474,Unidad,1,6.5,0
Yogurt Griego Blueberry Laive vaso 120g,Laive,Lácteos,7750151002394,Unidad,1,2.2,0
Yogurt griego c/arandanos danlac 900 g,Danlac,Lácteos,7750632006521,Unidad,1,17.0,0
Yogurt griego c/miel bolsa gloria 800 g,Gloria,Lácteos,7751271031219,Unidad,1,7.5,0
Yogurt griego c/miel gloria 120 g,Gloria,Lácteos,7751271031226,Unidad,1,2.0,0
Yogurt griego frutado durazno Laive 120 gr,Laive,Lácteos,7750151002387,Unidad,1,2.2,0
Yogurt griego frutos rojos bolsa gloria 800 g,Gloria,Lácteos,7751271031233,Unidad,1,7.5,0
Yogurt griego frutos rojos gloria 120 g,Gloria,Lácteos,7751271031240,Unidad,1,2.0,0
Yogurt Griego Laive Frutos Rojos 800 gr,Laive,Lácteos,7750151005999,Unidad,1,9.2,0
Yogurt Griego Laive Frutos Rojos x 120 gr,Laive,Lácteos,7750151008600,Unidad,1,2.2,0
Yogurt Griego Laive Mango Maracuyá 800 gr,Laive,Lácteos,7750151006002,Unidad,1,9.2,0
Yogurt Griego Laive Pie de Limon vaso x 115 g,Laive,Lácteos,7750151008624,Unidad,1,2.2,0
Yogurt Griego Laive Trozo Fresa 120 g,Laive,Lácteos,7750151003704,Unidad,1,2.2,0
Yogurt griego mango bolsa gloria 800 g,Gloria,Lácteos,7751271032322,Unidad,1,7.5,0
Yogurt Griego Mango Danlac 900 g,Danlac,Lácteos,7750632006514,Unidad,1,17.0,0
Yogurt griego mango gloria 120 g,Gloria,Lácteos,7751271032353,Unidad,1,2.0,0
Yogurt griego maracuya bolsa gloria 800 g,Gloria,Lácteos,7751271032339,Unidad,1,7.5,0
Yogurt griego maracuya gloria 120 g,Gloria,Lácteos,7751271032360,Unidad,1,2.0,0
Yogurt griego natural gloria 120 g,Gloria,Lácteos,7751271032346,Unidad,1,2.0,1
Yogurt griego natural gloria bolsa 800 g,Gloria,Lácteos,7751271032315,Unidad,1,7.5,0
Yogurt Griego Natural vasito Laive 115 gr,Laive,Lácteos,7750151008617,Unidad,1,2.2,0
Yogurt Lucuma Gloria 180g,Gloria,Lácteos,7751271030342,Unidad,1,2.0,0
YOGURT LUCUMA GLORIA 946 G,Gloria,Lácteos,7751271036450,Unidad,1,6.5,0
Yogurt Natural Gloria 1 Kg,Gloria,Lácteos,7751271027618,Unidad,1,6.5,0
Yogurt Probiotico Durazno Laive 340 g,Laive,Lácteos,7750151005562,Unidad,1,3.2,0
YOGURT PROBIOTICO DURAZNO LAIVE 930 G,Laive,Lácteos,7750151010160,Unidad,1,6.8,0
Yogurt Probiotico Fresa Laive 340 gr.,Laive,Lácteos,7750151005548,Unidad,1,3.2,0
YOGURT PROBIOTICO FRESA LAIVE 930 GR.,Laive,Lácteos,7750151010177,Unidad,1,6.8,0
Yogurt Probiotico Guanabana Laive 946 gr.,Laive,Lácteos,7750151008365,Unidad,1,6.8,0
YOGURT PROBIOTICO LUCUMA LAIVE X 930G,Laive,Lácteos,7750151010429,Unidad,1,6.8,0
Yogurt Probiotico Mango Laive 946 gr.,Laive,Lácteos,7750151008389,Unidad,1,6.8,0
YOGURT PROBIOTICO MORA LAIVE 946 GR.,Laive,Lácteos,7750151010146,Unidad,1,6.8,0
Yogurt Probiotico Vainilla Franc. Laive 180 gr,Laive,Lácteos,7750151007511,Unidad,1,2.2,0
Yogurt Probiotico Vainilla Franc. Laive 340 g,Laive,Lácteos,7750151005555,Unidad,1,3.2,0
YOGURT PROBIOTICO VAINILLA LAIVE 946 GR.,Laive,Lácteos,7750151010153,Unidad,1,6.8,0
YOGURT SLIM GLORIA FRUTOS ROJOS 1 KG,Gloria,Lácteos,7751271032506,Unidad,1,7.0,0
Yogurt vainilla gloria 180 g,Gloria,Lácteos,7751271030359,Unidad,1,2.0,0
Yogurt vainilla gloria 500 g,Gloria,Lácteos,7751271030380,Unidad,1,4.0,0
Yogurt vainilla gloria 946 gr.,Gloria,Lácteos,7751271036443,Unidad,1,6.5,0
Yogurt Zero Lactosa Fresa Gloria 1 kg,Gloria,Lácteos,7751271011792,Unidad,1,7.0,0
Yopi Choco Rocks Laive 100 g,Laive,Lácteos,7750151009119,Unidad,1,3.0,0
Yopi Kboom Laive c/bolitas explosivas  100 g,Laive,Lácteos,7750151009102,Unidad,1,3.0,0
Yopi Mix Chocomellows/hojuelas choc. 100 gr,Yopi,Lácteos,7750151009126,Unidad,1,3.0,0
YOPI MIX VAINILLA C/BOLITAS CRUJIENTES CHOCOLATE 100 GR,Yopi,Lácteos,7750151003728,Unidad,1,3.0,0
Yopi sabor a avena y canela Laive 170 ml,Laive,Lácteos,7750151008969,Unidad,1,1.5,0
Yopi sabor chocolate Laive 170 ml,Laive,Lácteos,7750151008891,Unidad,1,1.5,0
Yopi Shake Laive Fresa x 180 g,Laive,Lácteos,7750151007429,Unidad,1,2.0,0
Zanahoria a granel x kg,Genérico,Frutas y Verduras,7751234013924,Unidad,1,3.8,0
Zapallo x Kg,Genérico,Frutas y Verduras,,Unidad,1,3.0,0
Zucaritas Kelloggs 90 g,Kellogg's,Abarrotes,7702103124784,Unidad,1,3.5,1
Zuck Angel 130 g,Ángel,Abarrotes,7758071002074,Unidad,1,3.5,0
Zuko Chicha Morada 15 g,Zuko,Bebidas,7802800716890,Unidad,1,1.2,0
Zuko Mango Criollo 15 g,Zuko,Bebidas,7802800716807,Unidad,1,1.2,0
Zuko Manzana 15 g,Zuko,Bebidas,7802800716876,Unidad,1,1.2,0
Zuko sabor Durazno 15 g,Zuko,Bebidas,7802800716838,Unidad,1,1.2,0
Zuko sabor Emoliente 15 g,Zuko,Bebidas,7802800716777,Unidad,1,1.2,0
Zuko sabor Fresa 15 gr,Zuko,Bebidas,7802800716852,Unidad,1,1.2,0
Zuko sabor Limonada Peruana 15 g,Zuko,Bebidas,7802800716883,Unidad,1,1.2,0
Zuko sabor Maracuya 15 g,Zuko,Bebidas,7802800716845,Unidad,1,1.2,0
Zuko sabor Naranja 15 g,Zuko,Bebidas,7802800716814,Unidad,1,1.2,0
Zuko sabor Piña 15 g,Zuko,Bebidas,7802800716821,Unidad,1,1.2,0
BIMBOLETES CHOCOCHIP 105 GR,Bimbo,Panadería,7750727014288,Unidad,1,3.5,0
